"SYMBOL","COMPANY NAME","SUBJECT","DETAILS","BROADCAST DATE/TIME","RECEIPT","DISSEMINATION","DIFFERENCE","ATTACHMENT"
"PARAGMILK","Parag Milk Foods Limited","Certificate under SEBI (Depositories and Participants) Regulations, 2018","Parag Milk Foods Limited has informed the Exchange about Certificate under SEBI (Depositories and Participants) Regulations, 2018","09-Apr-2026 20:05:07","2026-04-09 20:05:07","09-Apr-2026 20:05:09","00:00:02","https://nsearchives.nseindia.com/corporate/PARAGMILK_09042026200416_Intimation74.pdf"
"PARAGMILK","Parag Milk Foods Limited","Trading Window","Parag Milk Foods Limited has informed the Exchange regarding the Trading Window closure pursuant to SEBI (Prohibition of Insider Trading) Regulations, 2015","28-Mar-2026 16:03:28","2026-03-28 16:03:28","28-Mar-2026 16:03:29","00:00:01","https://nsearchives.nseindia.com/corporate/PARAGMILK_28032026160203_Closure_of_Trading_Window_for_4th_quarter_signed.pdf"
"PARAGMILK","Parag Milk Foods Limited","Analysts/Institutional Investor Meet/Con. Call Updates","Parag Milk Foods Limited has informed the Exchange about Schedule of meet","05-Mar-2026 19:32:49","2026-03-05 19:32:49","05-Mar-2026 19:32:50","00:00:01","https://nsearchives.nseindia.com/corporate/PARAGMILK_05032026192714_IntimationScheduleofAnalystMarch_10_and_11_2026.pdf"
"PARAGMILK","Parag Milk Foods Limited","Analysts/Institutional Investor Meet/Con. Call Updates","Parag Milk Foods Limited has informed the Exchange about transcript of Earnings Conference Call held on February 5, 2026","11-Feb-2026 14:28:21","2026-02-11 14:28:21","11-Feb-2026 14:28:23","00:00:02","https://nsearchives.nseindia.com/corporate/PARAGMILK_11022026142737_Intimation__8_.pdf"
"PARAGMILK","Parag Milk Foods Limited","Statement of deviation(s) or variation(s) under Reg. 32","Parag Milk Foods Limited has informed the Exchange about statement of deviation(s) or variation(s) under Reg. 32","05-Feb-2026 22:20:25","2026-02-05 22:20:25","05-Feb-2026 22:20:26","00:00:01","https://nsearchives.nseindia.com/corporate/PARAGMILK_05022026222014_Statment_of_Deviation.pdf"
"PARAGMILK","Parag Milk Foods Limited","Monitoring Agency Report","Monitoring agency report for quarter ended December 31, 2025","05-Feb-2026 22:18:22","2026-02-05 22:18:22","05-Feb-2026 22:18:23","00:00:01","https://nsearchives.nseindia.com/corporate/PARAGMILK_05022026221805_Monitoring_Report_Dec_31_-_Intimation.pdf"
"PARAGMILK","Parag Milk Foods Limited","Analysts/Institutional Investor Meet/Con. Call Updates","Parag Milk Foods Limited has informed the Exchange about Schedule of meet","05-Feb-2026 22:16:14","2026-02-05 22:16:14","05-Feb-2026 22:16:14","00:00:00","https://nsearchives.nseindia.com/corporate/PARAGMILK_05022026221553_IntimationSchedule.pdf"
"PARAGMILK","Parag Milk Foods Limited","Analysts/Institutional Investor Meet/Con. Call Updates","Parag Milk Foods Limited has informed the exchange about audio recording of Earnings Call under Regulation 30 of SEBI (Listing Obligations & Disclosure Requirements) Regulations, 2015","05-Feb-2026 21:47:20","2026-02-05 21:47:20","05-Feb-2026 21:47:22","00:00:02","https://nsearchives.nseindia.com/corporate/PARAGMILK_05022026214524_Audio_Recording.pdf"
"PARAGMILK","Parag Milk Foods Limited","Updates","Parag Milk Foods Limited has informed the Exchange regarding 'Board comments on fine levied by the Exchange'.","04-Feb-2026 23:57:01","2026-02-04 23:57:01","04-Feb-2026 23:57:02","00:00:01","https://nsearchives.nseindia.com/corporate/PARAGMILK_04022026235641_Intimation_on_non_complaince_23_9_.pdf"
"PARAGMILK","Parag Milk Foods Limited","Analysts/Institutional Investor Meet/Con. Call Updates","Investor Presentation on Unaudited Financial Results for the quarter and nine months ended December 31, 2025","04-Feb-2026 23:52:17","2026-02-04 23:52:17","04-Feb-2026 23:52:19","00:00:02","https://nsearchives.nseindia.com/corporate/PARAGMILK_04022026235104_Intimation_IP.pdf"
"PARAGMILK","Parag Milk Foods Limited","Investor Presentation","Parag Milk Foods Limited has informed the Exchange about Investor Presentation","04-Feb-2026 23:48:27","2026-02-04 23:48:27","04-Feb-2026 23:48:28","00:00:01","https://nsearchives.nseindia.com/corporate/PARAGMILK_04022026234615_Intimation_IP.pdf"
"PARAGMILK","Parag Milk Foods Limited","Press Release","Press Release on Unaudited Financial Results for quarter and nine months ended December 31, 2025","04-Feb-2026 23:22:50","2026-02-04 23:22:50","04-Feb-2026 23:22:50","00:00:00","https://nsearchives.nseindia.com/corporate/PARAGMILK_04022026231446_01Press_Releasedec2025.pdf"
"PARAGMILK","Parag Milk Foods Limited","Outcome of Board Meeting","Parag Milk Foods Limited has submitted to the Exchange, the financial results for the quarter and nine months ended December 31, 2025.","04-Feb-2026 22:04:29","2026-02-04 22:04:29","04-Feb-2026 22:04:30","00:00:01","https://nsearchives.nseindia.com/corporate/PARAGMILK_04022026215738_OutcomeofBMdatedFeb42026signed.pdf"
"PARAGMILK","Parag Milk Foods Limited","Outcome of Board Meeting","Parag Milk Foods Limited has informed the Exchange about Outcome of Board Meeting held on February 04, 2026.","04-Feb-2026 21:51:15","2026-02-04 21:51:15","04-Feb-2026 21:51:17","00:00:02","https://nsearchives.nseindia.com/corporate/PARAGMILK_04022026214944_OutcomeofBMdatedFeb42026signed.pdf"
"PARAGMILK","Parag Milk Foods Limited","Analysts/Institutional Investor Meet/Con. Call Updates","Schedule of Earnings Call (Group Conference Call) to discuss the financial and operational performance for quarter and nine months ended December 31, 2025 with Investors & Analysts.","02-Feb-2026 20:21:20","2026-02-02 20:21:20","02-Feb-2026 20:21:20","00:00:00","https://nsearchives.nseindia.com/corporate/PARAGMILK_02022026202108_EarningCallIntimation.pdf"
"PARAGMILK","Parag Milk Foods Limited","Certificate under SEBI (Depositories and Participants) Regulations, 2018","Certificate under Regulation 74 (5) of SEBI (DP) Regulations, 2018","07-Jan-2026 19:32:02","2026-01-07 19:32:02","07-Jan-2026 19:32:03","00:00:01","https://nsearchives.nseindia.com/corporate/PARAGMILK_07012026193135_Intimation__5_.pdf"
"PARAGMILK","Parag Milk Foods Limited","Trading Window","Parag Milk Foods Limited has informed the Exchange regarding the Trading Window closure pursuant to SEBI (Prohibition of Insider Trading) Regulations, 2015","26-Dec-2025 18:05:59","2025-12-26 18:05:59","26-Dec-2025 18:06:00","00:00:01","https://nsearchives.nseindia.com/corporate/PARAGMILK_26122025180531_Closure_of_Trading_Window_for_3rd_quarter.pdf"
"PARAGMILK","Parag Milk Foods Limited","Updates","Parag Milk Foods Limited has informed the Exchange regarding transfer of equity shares of the Company by ESOP Trust to Stock Option Grantee","05-Dec-2025 19:34:15","2025-12-05 19:34:15","05-Dec-2025 19:34:16","00:00:01","https://nsearchives.nseindia.com/corporate/PARAGMILK_05122025193210_ESOP_Share_Transfer_Disclosure.pdf"
"PARAGMILK","Parag Milk Foods Limited","Analysts/Institutional Investor Meet/Con. Call Updates","Parag Milk Foods Limited has informed the Exchange about transcript of Earnings Conference Call held on November 12, 2025","17-Nov-2025 19:41:21","2025-11-17 19:41:21","17-Nov-2025 19:41:22","00:00:01","https://nsearchives.nseindia.com/corporate/PARAGMILK_17112025194106_Earning_Call_Transcript_Intimation.pdf"
"PARAGMILK","Parag Milk Foods Limited","Statement of deviation(s) or variation(s) under Reg. 32","Parag Milk Foods Limited has informed the Exchange about statement of deviation(s) or variation(s) under Reg. 32","12-Nov-2025 19:32:29","2025-11-12 19:32:29","12-Nov-2025 19:32:30","00:00:01","https://nsearchives.nseindia.com/corporate/PARAGMILK_12112025193148_Statment_of_Deviation_.pdf"
"PARAGMILK","Parag Milk Foods Limited","Analysts/Institutional Investor Meet/Con. Call Updates","Parag Milk Foods Limited has informed the exchange about audio recording of Earnings Call under Regulation 30 of SEBI (Listing Obligations & Disclosure Requirements) Regulations, 2015","12-Nov-2025 18:48:34","2025-11-12 18:48:34","12-Nov-2025 18:48:34","00:00:00","https://nsearchives.nseindia.com/corporate/PARAGMILK_12112025184746_Audio_Recording.pdf"
"PARAGMILK","Parag Milk Foods Limited","Monitoring Agency Report","Monitoring agency report for quarter ended September 30, 2025","12-Nov-2025 16:18:47","2025-11-12 16:18:47","12-Nov-2025 16:18:48","00:00:01","https://nsearchives.nseindia.com/corporate/PARAGMILK_12112025161832_Monitoring_Report_Sept_30.pdf"
"PARAGMILK","Parag Milk Foods Limited","Outcome of Board Meeting","Parag Milk Foods Limited has submitted to the Exchange, the financial results for the period ended September 30, 2025.","12-Nov-2025 13:10:38","2025-11-12 13:10:38","12-Nov-2025 13:10:39","00:00:01","https://nsearchives.nseindia.com/corporate/PARAGMILK_12112025130759_FinancialIntimation.pdf"
"PARAGMILK","Parag Milk Foods Limited","Analysts/Institutional Investor Meet/Con. Call Updates","Parag Milk Foods Limited has informed the Exchange about Presentation","12-Nov-2025 01:31:35","2025-11-12 01:31:35","12-Nov-2025 01:31:36","00:00:01","https://nsearchives.nseindia.com/corporate/PARAGMILK_12112025013127_Investor_Presentation.pdf"
"PARAGMILK","Parag Milk Foods Limited","Outcome of Board Meeting","Re: Outcome of Board Meeting held on November 11, 2025","12-Nov-2025 01:19:28","2025-11-12 01:19:28","12-Nov-2025 01:19:29","00:00:01","https://nsearchives.nseindia.com/corporate/PARAGMILK_12112025011910_OutcomeIntimation__3_.pdf"
"PARAGMILK","Parag Milk Foods Limited","Updates","Parag Milk Foods Limited has informed the Exchange about Investor Presentation on Unaudited Financial Results for quarter and half year ended September 30, 2025","12-Nov-2025 00:26:37","2025-11-12 00:26:37","12-Nov-2025 00:26:38","00:00:01","https://nsearchives.nseindia.com/corporate/PARAGMILK_12112025002551_Investor_Presentation.pdf"
"PARAGMILK","Parag Milk Foods Limited","Press Release","Press Release on Unaudited Financial Results for quarter and half year ended September 30, 2025","11-Nov-2025 22:33:45","2025-11-11 22:33:45","11-Nov-2025 22:33:46","00:00:01","https://nsearchives.nseindia.com/corporate/PARAGMILK_11112025223314_Press_Release.pdf"
"PARAGMILK","Parag Milk Foods Limited","Outcome of Board Meeting","Parag Milk Foods Limited has informed the Exchange about Outcome of Board Meeting held on November 11, 2025","11-Nov-2025 22:17:55","2025-11-11 22:17:55","11-Nov-2025 22:17:56","00:00:01","https://nsearchives.nseindia.com/corporate/PARAGMILK_11112025221735_Signed_Outcome_of_BM.pdf"
"PARAGMILK","Parag Milk Foods Limited","Analysts/Institutional Investor Meet/Con. Call Updates","Revised schedule of Earnings Call (Group Conference Call) to discuss the financial and operational performance of the Company for quarter and half year ended September 30, 2025 with Investors & Analysts.","08-Nov-2025 21:09:26","2025-11-08 21:09:26","08-Nov-2025 21:09:28","00:00:02","https://nsearchives.nseindia.com/corporate/PARAGMILK_08112025210918_Intimation.pdf"
"PARAGMILK","Parag Milk Foods Limited","Analysts/Institutional Investor Meet/Con. Call Updates","Schedule of Earnings Call (Group Conference Call) to discuss the financial and operational performance of the Company for quarter and half year ended September 30, 2025 with Investors & Analysts.","08-Nov-2025 17:30:34","2025-11-08 17:30:34","08-Nov-2025 17:30:35","00:00:01","https://nsearchives.nseindia.com/corporate/PARAGMILK_08112025173003_Earning_call.pdf"
"PARAGMILK","Parag Milk Foods Limited","Action(s) taken or orders passed","Parag Milk Foods Limited has informed the exchange about an intimation under regulation 30 of the SEBI (LODR) Regulation, 2015","03-Nov-2025 21:05:58","2025-11-03 21:05:58","03-Nov-2025 21:05:59","00:00:01","https://nsearchives.nseindia.com/corporate/PARAGMILK_03112025210544_Intimation.pdf"
"PARAGMILK","Parag Milk Foods Limited","Updates","Parag Milk Foods Limited has informed the Exchange regarding reminder letter sent to shareholders on ""Saksham Niveshak""- 100 Days Campaign for updating KYC details and claim their unclaimed dividend","16-Oct-2025 20:07:59","2025-10-16 20:07:59","16-Oct-2025 20:08:00","00:00:01","https://nsearchives.nseindia.com/corporate/PARAGMILK_16102025200725_Stock_Exchange_Intimation.pdf"
"PARAGMILK","Parag Milk Foods Limited","Certificate under SEBI (Depositories and Participants) Regulations, 2018","Certificate under Regulation 74 (5) of SEBI (DP) Regulations, 2018","14-Oct-2025 19:31:53","2025-10-14 19:31:53","14-Oct-2025 19:31:54","00:00:01","https://nsearchives.nseindia.com/corporate/PARAGMILK_14102025192042_Reg_74_5__Signed.pdf"
"PARAGMILK","Parag Milk Foods Limited","Shareholders meeting","Parag Milk Foods Limited has informed the Exchange about Voting Result and Scrutinizer's Report of the 33rd Annual General Meeting held on September 29, 2025","01-Oct-2025 18:30:20","2025-10-01 18:30:20","01-Oct-2025 18:30:22","00:00:02","https://nsearchives.nseindia.com/corporate/PARAGMILK_01102025182559_Stockexchangeintimation.pdf"
"PARAGMILK","Parag Milk Foods Limited","Trading Window","Parag Milk Foods Limited has informed the Exchange regarding the Trading Window closure pursuant to SEBI (Prohibition of Insider Trading) Regulations, 2015","29-Sep-2025 20:46:30","2025-09-29 20:46:30","29-Sep-2025 20:46:31","00:00:01","https://nsearchives.nseindia.com/corporate/PARAGMILK_29092025204545_Intimation.pdf"
"PARAGMILK","Parag Milk Foods Limited","Shareholders meeting","Parag Milk Foods Limited has informed the Exchange regarding Proceedings of Annual General Meeting held on September 29, 2025","29-Sep-2025 20:31:19","2025-09-29 20:31:19","29-Sep-2025 20:31:21","00:00:02","https://nsearchives.nseindia.com/corporate/PARAGMILK_29092025203009_AGM_proceedings.pdf"
"PARAGMILK","Parag Milk Foods Limited","Conversion","Parag Milk Foods Limited has informed the Exchange about Conversion of FCCBs into Equity Shares","29-Sep-2025 08:37:54","2025-09-29 08:37:54","29-Sep-2025 08:37:55","00:00:01","https://nsearchives.nseindia.com/corporate/PARAGMILK_29092025083734_IntimationConversion.pdf"
"PARAGMILK","Parag Milk Foods Limited","Analysts/Institutional Investor Meet/Con. Call Updates","Parag Milk Foods Limited has informed the Exchange about Schedule of Analyst/ Investor meet","18-Sep-2025 18:22:20","2025-09-18 18:22:20","18-Sep-2025 18:22:21","00:00:01","https://nsearchives.nseindia.com/corporate/PARAGMILK_18092025182205_IntimationInvtmeet.pdf"
"PARAGMILK","Parag Milk Foods Limited","Updates","Parag Milk Foods Limited has informed the Exchange regarding 'Intimation Of Plant Visit For Institutional Investors/Analysts '.","15-Sep-2025 20:34:59","2025-09-15 20:34:59","15-Sep-2025 20:35:00","00:00:01","https://nsearchives.nseindia.com/corporate/PARAGMILK_15092025203442_Intimation.pdf"
"PARAGMILK","Parag Milk Foods Limited","Copy of Newspaper Publication","Parag Milk Foods Limited has informed the Exchange regarding Extract of Newspaper publication in connection with 33rd Annual General Meeting to be held on September 29, 2025","06-Sep-2025 14:11:09","2025-09-06 14:11:09","06-Sep-2025 14:11:10","00:00:01","https://nsearchives.nseindia.com/corporate/PARAGMILK_06092025140123_Stock_Exchange_Intimation_Newspapaer_Advertisement_Signed.pdf"
"PARAGMILK","Parag Milk Foods Limited","General Updates","Parag Milk Foods Limited has informed the Exchange regarding letter to shareholders, providing web-link to access the Integrated Annual Report for FY 2024-25 and Notice of 33rd Annual General Meeting","05-Sep-2025 23:56:53","2025-09-05 23:56:53","05-Sep-2025 23:56:54","00:00:01","https://nsearchives.nseindia.com/corporate/PARAGMILK_05092025235642_Stock_Exchange_Intimation_Physical_letter_1.pdf"
"PARAGMILK","Parag Milk Foods Limited","Record Date","Parag Milk Foods Limited has informed the Exchange that Record date for the purpose of Dividend  is 22-Sep-2025.","05-Sep-2025 21:06:33","2025-09-05 21:06:33","05-Sep-2025 21:06:34","00:00:01","https://nsearchives.nseindia.com/corporate/PARAGMILK_05092025210604_Stock_Exchange_Intimation_Record_Date.pdf"
"PARAGMILK","Parag Milk Foods Limited","Shareholders meeting","Parag Milk Foods Limited has informed the Exchange regarding Notice of Annual General Meeting to be held on September 29, 2025 and Integrated Annual Report for FY 2024-25","05-Sep-2025 20:49:56","2025-09-05 20:49:56","05-Sep-2025 20:49:57","00:00:01","https://nsearchives.nseindia.com/corporate/PARAGMILK_05092025204916_Stock_Exchange_Intimation_Annual_Report.pdf"
"PARAGMILK","Parag Milk Foods Limited","Press Release","Parag Milk Foods Limited has informed the Exchange regarding a press release dated August 14, 2025, titled ''Saksham Niveshak'' - 100 days campaign for attention of shareholders to update KYC details and claim their unclaimed dividend","14-Aug-2025 19:26:39","2025-08-14 19:26:39","14-Aug-2025 19:26:40","00:00:01","https://nsearchives.nseindia.com/corporate/PARAGMILK_14082025192623_Stock_Exchange_Intimation.pdf"
"PARAGMILK","Parag Milk Foods Limited","Credit Rating","Parag Milk Foods Limited has informed the Exchange about Credit Rating","08-Aug-2025 13:46:56","2025-08-08 13:46:56","08-Aug-2025 13:46:57","00:00:01","https://nsearchives.nseindia.com/corporate/PARAGMILK_08082025134645_01_Intimation.pdf"
"PARAGMILK","Parag Milk Foods Limited","Analysts/Institutional Investor Meet/Con. Call Updates","Parag Milk Foods Limited has informed the Exchange about Transcript of Earnings Conference Call held on July 22, 2025","27-Jul-2025 22:27:37","2025-07-27 22:27:37","27-Jul-2025 22:27:38","00:00:01","https://nsearchives.nseindia.com/corporate/PARAGMILK_27072025222436_CovletterTranscriptECJul222025.pdf"
"PARAGMILK","Parag Milk Foods Limited","Cessation","Parag Milk Foods Limited has informed the Exchange regarding completion of term of appointment of Mr Nitin Dhavalikar as Independent Director of the Company w.e.f. July 27, 2025.","27-Jul-2025 22:17:14","2025-07-27 22:17:14","27-Jul-2025 22:17:16","00:00:02","https://nsearchives.nseindia.com/corporate/PARAGMILK_27072025221628_IntimationCessationofID.pdf"
"PARAGMILK","Parag Milk Foods Limited","Monitoring Agency Report","Monitoring agency report for the quarter ended June 30, 2025","22-Jul-2025 20:38:29","2025-07-22 20:38:29","22-Jul-2025 20:38:31","00:00:02","https://nsearchives.nseindia.com/corporate/PARAGMILK_22072025203705_Monitoring_Agency_Report.pdf"
"PARAGMILK","Parag Milk Foods Limited","Analysts/Institutional Investor Meet/Con. Call Updates","Parag Milk Foods Limited has informed the Exchange about Link of Recording","22-Jul-2025 20:34:55","2025-07-22 20:34:55","22-Jul-2025 20:34:56","00:00:01","https://nsearchives.nseindia.com/corporate/PARAGMILK_22072025203443_EIntimation.pdf"
"PARAGMILK","Parag Milk Foods Limited","Shareholders meeting","Parag Milk Foods Limited has submitted to Exchange the Voting Result on Postal Ballot along with Scrutinizer's report","22-Jul-2025 00:35:14","2025-07-22 00:35:14","22-Jul-2025 00:35:15","00:00:01","https://nsearchives.nseindia.com/corporate/PARAGMILK_22072025003417_Intimation.pdf"
"PARAGMILK","Parag Milk Foods Limited","Statement of deviation(s) or variation(s) under Reg. 32","Parag Milk Foods Limited has informed the Exchange about statement of deviation(s) or variation(s) under Reg. 32","21-Jul-2025 23:46:06","2025-07-21 23:46:06","21-Jul-2025 23:46:06","00:00:00","https://nsearchives.nseindia.com/corporate/PARAGMILK_21072025234553_Statment_of_Deviation_.pdf"
"PARAGMILK","Parag Milk Foods Limited","Outcome of Board Meeting","Parag Milk Foods Limited has submitted to the Exchange outcome of board meeting held on July 21, 2025","21-Jul-2025 22:35:14","2025-07-21 22:35:14","21-Jul-2025 22:35:22","00:00:08","https://nsearchives.nseindia.com/corporate/PARAGMILK_21072025222619_Intimation.pdf"
"PARAGMILK","Parag Milk Foods Limited","Analysts/Institutional Investor Meet/Con. Call Updates","Parag Milk Foods Limited has informed the Exchange about Investor Presentation for Earnings Call (Group Conference Call) for quarter ended June 30, 2025","21-Jul-2025 22:12:39","2025-07-21 22:12:39","21-Jul-2025 22:12:40","00:00:01","https://nsearchives.nseindia.com/corporate/PARAGMILK_21072025221220_Investors_Presentation__1_.pdf"
"PARAGMILK","Parag Milk Foods Limited","Updates","Parag Milk Foods Limited has informed the Exchange about Investor Presentation on Unaudited Financial Results for quarter ended June 30, 2025","21-Jul-2025 22:06:01","2025-07-21 22:06:01","21-Jul-2025 22:06:02","00:00:01","https://nsearchives.nseindia.com/corporate/PARAGMILK_21072025220156_Investors_Presentation__1_.pdf"
"PARAGMILK","Parag Milk Foods Limited","Press Release","Press Release on Unaudited Financial Results for the quarter ended June 30, 2025","21-Jul-2025 21:53:24","2025-07-21 21:53:24","21-Jul-2025 21:53:25","00:00:01","https://nsearchives.nseindia.com/corporate/PARAGMILK_21072025215311_Signed_Press_Release_Intimation.pdf"
"PARAGMILK","Parag Milk Foods Limited","Outcome of Board Meeting","Parag Milk Foods Limited has informed the Exchange regarding outcome of Board meeting held on July 21, 2025.","21-Jul-2025 21:40:00","2025-07-21 21:40:00","21-Jul-2025 21:40:01","00:00:01","https://nsearchives.nseindia.com/corporate/PARAGMILK_21072025213939_Intimation.pdf"
"PARAGMILK","Parag Milk Foods Limited","Analysts/Institutional Investor Meet/Con. Call Updates","Parag Milk Foods Limited has informed the Exchange about Schedule of meet","17-Jul-2025 16:23:33","2025-07-17 16:23:33","17-Jul-2025 16:23:34","00:00:01","https://nsearchives.nseindia.com/corporate/PARAGMILK_17072025162207_Earnings_Call.pdf"
"PARAGMILK","Parag Milk Foods Limited","Certificate under SEBI (Depositories and Participants) Regulations, 2018","Certificate under Regulation 74 (5) of SEBI (DP) Regulations, 2018","11-Jul-2025 19:27:43","2025-07-11 19:27:43","11-Jul-2025 19:27:44","00:00:01","https://nsearchives.nseindia.com/corporate/PARAGMILK_11072025192407_Reg_74_5_.pdf"
"PARAGMILK","Parag Milk Foods Limited","Credit Rating- New","Parag Milk Foods Limited has informed the Exchange about Credit Rating","30-Jun-2025 20:27:28","2025-06-30 20:27:28","30-Jun-2025 20:27:29","00:00:01","https://nsearchives.nseindia.com/corporate/PARAGMILK_30062025202704_Intimation.pdf"
"PARAGMILK","Parag Milk Foods Limited","Disclosure under SEBI Takeover Regulations"," Devendra P. Shah has Submitted to the Exchange a copy of Disclosure under Regulation 31(4) of the Securities and Exchange Board of India (Substantial Acquisition of Shares and Takeovers) Regulations, 2011.","26-Jun-2025 21:25:58","2025-06-26 21:25:58","26-Jun-2025 21:25:58","00:00:00","https://nsearchives.nseindia.com/corporate/team_bbodade_15052025164839_PARAGMILK.pdf"
"PARAGMILK","Parag Milk Foods Limited","Trading Window","Parag Milk Foods Limited has informed the Exchange regarding the Trading Window closure pursuant to SEBI (Prohibition of Insider Trading) Regulations, 2015","26-Jun-2025 17:22:15","2025-06-26 17:22:15","26-Jun-2025 17:22:16","00:00:01","https://nsearchives.nseindia.com/corporate/PARAGMILK_26062025172016_Closure_of_Trading_Window_Signed.pdf"
"PARAGMILK","Parag Milk Foods Limited","Spurt in Volume","Significant increase in volume has been observed in Parag Milk Foods Limited. The Exchange, in order to ensure that investors have latest relevant information about the company and to inform the market place so that the interest of the investors is safeguarded, had written to the company. Parag Milk Foods Limited has submitted their response.","26-Jun-2025 01:07:28","2025-06-26 01:07:28","26-Jun-2025 01:07:30","00:00:02","https://nsearchives.nseindia.com/corporate/PARAGMILK_26062025010659_Reply_to_NSE_Clarification_sought.pdf"
"PARAGMILK","Parag Milk Foods Limited","Spurt in Volume","Significant increase in volume has been observed in Parag Milk Foods Limited. The Exchange, in order to ensure that investors have latest relevant information about the company and to inform the market place so that the interest of the investors is safeguarded, has written to the company. The response from the company is awaited.","25-Jun-2025 20:04:53","2025-06-25 20:04:53","25-Jun-2025 20:04:54","00:00:01","-"
"PARAGMILK","Parag Milk Foods Limited","Copy of Newspaper Publication","Parag Milk Foods Limited has informed the Exchange about Copy of Newspaper Publication","20-Jun-2025 19:17:37","2025-06-20 19:17:37","20-Jun-2025 19:17:38","00:00:01","https://nsearchives.nseindia.com/corporate/PARAGMILK_20062025191722_NewspaperIntimation-_.pdf"
"PARAGMILK","Parag Milk Foods Limited","Shareholders meeting","Parag Milk Foods Limited has informed the Exchange regarding Notice of Postal Ballot","19-Jun-2025 20:00:24","2025-06-19 20:00:24","19-Jun-2025 20:00:25","00:00:01","https://nsearchives.nseindia.com/corporate/PARAGMILK_19062025195940_PBNIntimation.pdf"
"PARAGMILK","Parag Milk Foods Limited","General Updates","Newspaper Notice to specific shareholders for transfer of shares to IEPF Authority if dividends remain Unclaimed for 7 years","14-Jun-2025 13:28:14","2025-06-14 13:28:14","14-Jun-2025 13:28:16","00:00:02","https://nsearchives.nseindia.com/corporate/PARAGMILK_14062025130314_Stock_Exchange_Intimation_signed.pdf"
"PARAGMILK","Parag Milk Foods Limited","General Updates","Extract of Newspaper Publications regarding the ensuing AGM and, inter-alia, requesting shareholders to register/update their email address","13-Jun-2025 18:42:13","2025-06-13 18:42:13","13-Jun-2025 18:42:14","00:00:01","https://nsearchives.nseindia.com/corporate/PARAGMILK_13062025183320_SE_Intimation_Newspapaer_Advt_Pre-Signed.pdf"
"PARAGMILK","Parag Milk Foods Limited","Analysts/Institutional Investor Meet/Con. Call Updates","Parag Milk Foods Limited has informed the Exchange about Schedule of meet","10-Jun-2025 11:17:47","2025-06-10 11:17:47","10-Jun-2025 11:17:48","00:00:01","https://nsearchives.nseindia.com/corporate/PARAGMILK_10062025111723_Intimation__3_.pdf"
"PARAGMILK","Parag Milk Foods Limited","General Updates","Email Communication to shareholders for tax deduction on dividend payout","06-Jun-2025 17:42:44","2025-06-06 17:42:44","06-Jun-2025 17:42:45","00:00:01","https://nsearchives.nseindia.com/corporate/PARAGMILK_06062025174222_TDS_Communication_Signed.pdf"
"PARAGMILK","Parag Milk Foods Limited","Retirement","Parag Milk Foods Limited has informed the Exchange about Retirement of Independent Directors","25-May-2025 21:06:11","2025-05-25 21:06:11","25-May-2025 21:06:11","00:00:00","https://nsearchives.nseindia.com/corporate/PARAGMILK_25052025210548_IntimationCessationof2IDs.pdf"
"PARAGMILK","Parag Milk Foods Limited","Allotment of Securities","Parag Milk Foods Limited has informed the Exchange regarding allotment of 90,00,000 convertible share warrants pursuant to preferential issue at its meeting held on May 23, 2025","23-May-2025 18:10:43","2025-05-23 18:10:43","23-May-2025 18:10:45","00:00:02","https://nsearchives.nseindia.com/corporate/PARAGMILK_23052025181028_Intimation.pdf"
"PARAGMILK","Parag Milk Foods Limited","Press Release","Parag Milk Foods Limited has informed the Exchange regarding a press release dated May 22, 2025, titled ""Press Release for appointment of new Independent Directors on the Board"".","22-May-2025 17:44:20","2025-05-22 17:44:20","22-May-2025 17:44:22","00:00:02","https://nsearchives.nseindia.com/corporate/PARAGMILK_22052025174401_Press_Release_on_Appt_of_IDs.pdf"
"PARAGMILK","Parag Milk Foods Limited","Change in Director(s)","Parag Milk Foods Limited has informed the Exchange regarding Change in Director(s) of the company.","22-May-2025 14:58:19","2025-05-22 14:58:19","22-May-2025 14:58:20","00:00:01","https://nsearchives.nseindia.com/corporate/PARAGMILK_22052025145751_01Intimation_.pdf"
"PARAGMILK","Parag Milk Foods Limited","General Updates","Parag Milk Foods Limited has informed the Exchange about an update on the Outcome of Board Meeting, submitted on May 2, 2025","19-May-2025 19:54:23","2025-05-19 19:54:23","19-May-2025 19:54:24","00:00:01","https://nsearchives.nseindia.com/corporate/PARAGMILK_19052025195244_Intimation.pdf"
"PARAGMILK","Parag Milk Foods Limited","Analysts/Institutional Investor Meet/Con. Call Updates","Parag Milk Foods Limited has informed the Exchange about Transcript","12-May-2025 19:27:16","2025-05-12 19:27:16","12-May-2025 19:27:16","00:00:00","https://nsearchives.nseindia.com/corporate/PARAGMILK_12052025192702_Intimation.pdf"
"PARAGMILK","Parag Milk Foods Limited","Updates","Parag Milk Foods Limited has informed the exchange about clarification on NSE queries in connection with issuance of convertible share warrants on preferential basis","09-May-2025 15:44:39","2025-05-09 15:44:39","09-May-2025 15:44:39","00:00:00","https://nsearchives.nseindia.com/corporate/PARAGMILK_09052025154159_01_Stock_Exchange_Intimation.pdf"
"PARAGMILK","Parag Milk Foods Limited","Agreements","Parag Milk Foods Limited has informed the Exchange about Agreements","07-May-2025 20:29:02","2025-05-07 20:29:02","07-May-2025 20:29:03","00:00:01","https://nsearchives.nseindia.com/corporate/PARAGMILK_07052025202411_01_Intimation_for_update_on_Sonipat_Plant.pdf"
"PARAGMILK","Parag Milk Foods Limited","Shareholders meeting","Parag Milk Foods Limited has submitted to the Exchange the Voting Results and a Scrutiniser's Report on voting conducted w.r.t. Extraordinary General Meeting held on May 03, 2025","06-May-2025 11:43:55","2025-05-06 11:43:55","06-May-2025 11:43:56","00:00:01","https://nsearchives.nseindia.com/corporate/PARAGMILK_06052025114117_Intimation.pdf"
"PARAGMILK","Parag Milk Foods Limited","Analysts/Institutional Investor Meet/Con. Call Updates","Parag Milk Foods Limited has informed the Exchange about Link of Recording","05-May-2025 21:36:45","2025-05-05 21:36:45","05-May-2025 21:36:46","00:00:01","https://nsearchives.nseindia.com/corporate/PARAGMILK_05052025213617_Audio_recordingMay32025.pdf"
"PARAGMILK","Parag Milk Foods Limited","Investor Presentation","Parag Milk Foods Limited has informed the Exchange about Investor Presentation","05-May-2025 12:34:04","2025-05-05 12:34:04","05-May-2025 12:34:05","00:00:01","https://nsearchives.nseindia.com/corporate/PARAGMILK_05052025123331_InvestorPresentationEPSMay32025.pdf"
"PARAGMILK","Parag Milk Foods Limited","Shareholders meeting","Parag Milk Foods Limited has informed the Exchange regarding Proceedings of Extraordinary General Meeting held on May 03, 2025","03-May-2025 19:22:36","2025-05-03 19:22:36","03-May-2025 19:22:37","00:00:01","https://nsearchives.nseindia.com/corporate/PARAGMILK_03052025192113_Stock_Exchange_Intimation.pdf"
"PARAGMILK","Parag Milk Foods Limited","Shareholders meeting","Parag Milk Foods Limited has informed the Exchange regarding Proceedings of Extraordinary General Meeting held on May 03, 2025","03-May-2025 19:13:48","2025-05-03 19:13:48","03-May-2025 19:13:49","00:00:01","https://nsearchives.nseindia.com/corporate/PARAGMILK_03052025191230_Stock_Exchange_Intimation.pdf"
"PARAGMILK","Parag Milk Foods Limited","Outcome of Board Meeting","Parag Milk Foods Limited has informed the Exchange regarding Outcome of Board Meeting held on May 02, 2025.","03-May-2025 02:30:05","2025-05-03 02:30:05","03-May-2025 02:30:06","00:00:01","https://nsearchives.nseindia.com/corporate/PARAGMILK_03052025022449_Intimation.pdf"
"PARAGMILK","Parag Milk Foods Limited","General Updates","Parag Milk Foods Limited has informed the Exchange about Investor Presentation on Audited Financial Results for quarter & year ended March 31, 2025","03-May-2025 01:21:21","2025-05-03 01:21:21","03-May-2025 01:21:22","00:00:01","https://nsearchives.nseindia.com/corporate/PARAGMILK_03052025012007_1_Intimation.pdf"
"PARAGMILK","Parag Milk Foods Limited","Press Release","Parag Milk Foods Limited has informed the Exchange regarding a press release dated May 02, 2025, titled ""Press Release on Audited Financial Results for the quarter and year ended March 31, 2025."""".","02-May-2025 23:27:01","2025-05-02 23:27:01","02-May-2025 23:27:01","00:00:00","https://nsearchives.nseindia.com/corporate/PARAGMILK_02052025232647_Intimation.pdf"
"PARAGMILK","Parag Milk Foods Limited","Outcome of Board Meeting","Parag Milk Foods Limited has informed the Exchange regarding  Board meeting held on May 02, 2025, for, inter-alia, approval of Audited Financial Results FY 24-25 and recommendation of dividend","02-May-2025 23:24:11","2025-05-02 23:24:11","02-May-2025 23:24:11","00:00:00","https://nsearchives.nseindia.com/corporate/PARAGMILK_02052025232122_Intimation.pdf"
"PARAGMILK","Parag Milk Foods Limited","Analysts/Institutional Investor Meet/Con. Call Updates","Parag Milk Foods Limited has informed the Exchange about Schedule of meet","29-Apr-2025 21:57:04","2025-04-29 21:57:04","29-Apr-2025 21:57:04","00:00:00","https://nsearchives.nseindia.com/corporate/PARAGMILK_29042025215650_Intimation.pdf"
"PARAGMILK","Parag Milk Foods Limited","Copy of Newspaper Publication","Parag Milk Foods Limited has informed the Exchange about Newspaper Publication in connection with Corrigendum to the Notice of Extra Ordinary General Meeting of the Company to be held on May 3, 2025","26-Apr-2025 18:40:30","2025-04-26 18:40:30","26-Apr-2025 18:40:31","00:00:01","https://nsearchives.nseindia.com/corporate/PARAGMILK_26042025183944_Intimation_signed.pdf"
"PARAGMILK","Parag Milk Foods Limited","Corrigendum","Parag Milk Foods Limited has informed the Exchange regarding Corrigendum to Notice of Extra Ordinary General Meeting scheduled to be held on May 3, 2025","25-Apr-2025 21:44:56","2025-04-25 21:44:56","25-Apr-2025 21:44:56","00:00:00","https://nsearchives.nseindia.com/corporate/PARAGMILK_25042025214244_Stock_Exchange_Intimation.pdf"
"PARAGMILK","Parag Milk Foods Limited","Certificate under SEBI (Depositories and Participants) Regulations, 2018","Parag Milk Foods Limited has informed the Exchange about Certificate under SEBI (Depositories and Participants) Regulations, 2018","15-Apr-2025 20:19:51","2025-04-15 20:19:51","15-Apr-2025 20:19:52","00:00:01","https://nsearchives.nseindia.com/corporate/PARAGMILK_15042025201919_Reg_74_5__of_SEBI_DP_Regulations_March_2025.pdf"
"PARAGMILK","Parag Milk Foods Limited","Copy of Newspaper Publication","Parag Milk Foods Limited has informed the Exchange about Copy of Newspaper Publication","12-Apr-2025 19:01:39","2025-04-12 19:01:39","12-Apr-2025 19:01:39","00:00:00","https://nsearchives.nseindia.com/corporate/PARAGMILK_12042025190023_SEIntimationNewspapaerAd.pdf"
"PARAGMILK","Parag Milk Foods Limited","Shareholders meeting","Parag Milk Foods Limited has informed the Exchange regarding Notice of Extraordinary General Meeting to be held on May 03, 2025","11-Apr-2025 20:52:37","2025-04-11 20:52:37","11-Apr-2025 20:52:38","00:00:01","https://nsearchives.nseindia.com/corporate/PARAGMILK_11042025205213_Stock_Exchange_Intimation.pdf"
"PARAGMILK","Parag Milk Foods Limited","Credit Rating- Revision","Parag Milk Foods Limited has informed the Exchange about Credit Rating- Revision","09-Apr-2025 16:20:13","2025-04-09 16:20:13","09-Apr-2025 16:20:14","00:00:01","https://nsearchives.nseindia.com/corporate/PARAGMILK_09042025161952_01_Intimation.pdf"
"PARAGMILK","Parag Milk Foods Limited","Press Release","Parag Milk Foods Limited has informed the Exchange regarding ""Press release with respect to preferential issue of convertible warrants approved by the Board of the Company on April 3, 2025"".","03-Apr-2025 12:46:02","2025-04-03 12:46:02","03-Apr-2025 12:46:03","00:00:01","https://nsearchives.nseindia.com/corporate/PARAGMILK_03042025124526_Intimation.pdf"
"PARAGMILK","Parag Milk Foods Limited","Outcome of Board Meeting","Parag Milk Foods Limited has informed the Exchange regarding  Board meeting held on April 03, 2025.","03-Apr-2025 10:28:56","2025-04-03 10:28:56","03-Apr-2025 10:28:56","00:00:00","https://nsearchives.nseindia.com/corporate/PARAGMILK_03042025102827_03_Outcome_of_BM_dated_April_3_2025.pdf"
"PARAGMILK","Parag Milk Foods Limited","Press Release","Parag Milk Foods Limited has informed the Exchange regarding a press release dated April 02, 2025, titled ""Strengthening of Company's products portfolio with High-Protein, Nutrient-Rich Offerings"".","02-Apr-2025 10:47:09","2025-04-02 10:47:09","02-Apr-2025 10:47:10","00:00:01","https://nsearchives.nseindia.com/corporate/PARAGMILK_02042025104607_Press_Release_dt_2-Apr-2025.pdf"
"PARAGMILK","Parag Milk Foods Limited","Trading Window","Parag Milk Foods Limited has informed the Exchange regarding the Trading Window closure pursuant to SEBI (Prohibition of Insider Trading) Regulations, 2015","26-Mar-2025 20:41:12","2025-03-26 20:41:12","26-Mar-2025 20:41:12","00:00:00","https://nsearchives.nseindia.com/corporate/PARAGMILK_26032025204038_Closure_of_Trading_Window.pdf"
"PARAGMILK","Parag Milk Foods Limited","Analysts/Institutional Investor Meet/Con. Call Updates","Parag Milk Foods Limited has informed the Exchange about Schedule of meet","24-Mar-2025 20:15:04","2025-03-24 20:15:04","24-Mar-2025 20:15:05","00:00:01","https://nsearchives.nseindia.com/corporate/PARAGMILK_24032025201245_Intimation.pdf"
"PARAGMILK","Parag Milk Foods Limited","Updates","Parag Milk Foods Limited has informed the Exchange regarding transfer of equity shares of the Company by ESOP Trust to Stock Option Grantee ''.","21-Mar-2025 22:04:54","2025-03-21 22:04:54","21-Mar-2025 22:04:55","00:00:01","https://nsearchives.nseindia.com/corporate/PARAGMILK_21032025215953_ESOP_Share_Transfer_Disclosure.pdf"
"PARAGMILK","Parag Milk Foods Limited","Action(s) taken or orders passed","Parag Milk Foods Limited has informed the Exchange about Action(s) taken or orders passed","03-Mar-2025 20:21:10","2025-03-03 20:21:10","03-Mar-2025 20:21:11","00:00:01","https://nsearchives.nseindia.com/corporate/PARAGMILK_03032025202053_Intimation.pdf"
"PARAGMILK","Parag Milk Foods Limited","Action(s) taken or orders passed","Parag Milk Foods Limited has informed the Exchange about Action(s) taken or orders passed","01-Mar-2025 08:45:55","2025-03-01 08:45:55","01-Mar-2025 08:45:56","00:00:01","https://nsearchives.nseindia.com/corporate/PARAGMILK_01032025084508_Intimation.pdf"
"PARAGMILK","Parag Milk Foods Limited","Action(s) taken or orders passed","Parag Milk Foods Limited has informed the Exchange about Action(s) taken or orders passed","20-Feb-2025 16:57:28","2025-02-20 16:57:28","20-Feb-2025 16:57:29","00:00:01","https://nsearchives.nseindia.com/corporate/PARAGMILK_20022025165653_IntimationofITPenalties1920022025.pdf"
"PARAGMILK","Parag Milk Foods Limited","Action(s) taken or orders passed","Parag Milk Foods Limited has informed the Exchange about Action(s) taken or orders passed","19-Feb-2025 10:01:43","2025-02-19 10:01:43","19-Feb-2025 10:01:44","00:00:01","https://nsearchives.nseindia.com/corporate/PARAGMILK_19022025100113_Intimationforincometaxmatter.pdf"
"PARAGMILK","Parag Milk Foods Limited","Credit Rating","Parag Milk Foods Limited has informed the Exchange about Credit Rating","11-Feb-2025 15:44:11","2025-02-11 15:44:11","11-Feb-2025 15:44:12","00:00:01","https://nsearchives.nseindia.com/corporate/PARAGMILK_11022025154348_Intimation.pdf"
"PARAGMILK","Parag Milk Foods Limited","Updates","Parag Milk Foods Limited has informed the Exchange regarding 'Parag Milk Foods Limited - Investor Presentation for quarter and nine months ended December 31, 2024'.","31-Jan-2025 01:20:37","2025-01-31 01:20:37","31-Jan-2025 01:20:39","00:00:02","https://nsearchives.nseindia.com/corporate/PARAGMILK_31012025011934_Investor_presentation.pdf"
"PARAGMILK","Parag Milk Foods Limited","Integrated Filing- Financial","Integrated Filing (Financial) - Unaudited Financial Results of Parag Milk Foods Limited for the quarter and nine months ended December 31, 2024","30-Jan-2025 23:57:00","2025-01-30 23:57:00","30-Jan-2025 23:57:01","00:00:01","https://nsearchives.nseindia.com/corporate/PARAGMILK_30012025235559_IntegratedfilingJanuary302025.pdf"
"PARAGMILK","Parag Milk Foods Limited","Outcome of Board Meeting","Parag Milk Foods Limited has informed the Exchange regarding  Outcome of Board meeting held on January 30, 2025.","30-Jan-2025 23:20:30","2025-01-30 23:20:30","30-Jan-2025 23:20:31","00:00:01","https://nsearchives.nseindia.com/corporate/PARAGMILK_30012025231913_OutcomeofBMdatedJanuary302025.pdf"
"PARAGMILK","Parag Milk Foods Limited","Outcome of Board Meeting","Parag Milk Foods Limited has informed the Exchange regarding  Outcome of Board meeting held on January 30, 2025.","30-Jan-2025 23:15:13","2025-01-30 23:15:13","30-Jan-2025 23:15:14","00:00:01","https://nsearchives.nseindia.com/corporate/PARAGMILK_30012025231349_OutcomeofBMdatedJanuary302025.pdf"
"PARAGMILK","Parag Milk Foods Limited","Press Release","Parag Milk Foods Limited has informed the Exchange regarding a press release dated January 30, 2025, titled ""Press Release on Unaudited Financial Results for quarter and nine months ended December 31, 2024"".","30-Jan-2025 23:04:18","2025-01-30 23:04:18","30-Jan-2025 23:04:20","00:00:02","https://nsearchives.nseindia.com/corporate/PARAGMILK_30012025230148_Intimation.pdf"
"PARAGMILK","Parag Milk Foods Limited","Financial Result Updates"," Parag Milk Foods Limited has submitted to the Exchange, the financial results for the period ended December 31, 2024.","30-Jan-2025 22:54:05","2025-01-30 22:54:05","30-Jan-2025 22:54:07","00:00:02","https://nsearchives.nseindia.com/corporate/OutcomeofBMdatedJanuary302025_30012025225405.pdf"
"PARAGMILK","Parag Milk Foods Limited","General Updates","Parag Milk Foods Limited has informed the Exchange about incorporation of Wholly Owned Subsidiary Company","23-Jan-2025 18:02:58","2025-01-23 18:02:58","23-Jan-2025 18:02:58","00:00:00","https://nsearchives.nseindia.com/corporate/PARAGMILK_23012025180215_Intimation_for_incorporation_of_subsidiary.pdf"
"PARAGMILK","Parag Milk Foods Limited","Certificate under SEBI (Depositories and Participants) Regulations, 2018","Parag Milk Foods Limited has informed the Exchange about Certificate under SEBI (Depositories and Participants) Regulations, 2018","10-Jan-2025 18:09:39","2025-01-10 18:09:39","10-Jan-2025 18:09:40","00:00:01","https://nsearchives.nseindia.com/corporate/PARAGMILK_10012025180858_Reg_74_5__of_SEBI_DP_Regulations_December_2024.pdf"
"PARAGMILK","Parag Milk Foods Limited","Trading Window","Parag Milk Foods Limited has informed the Exchange regarding the Trading Window closure pursuant to SEBI (Prohibition of Insider Trading) Regulations, 2015","27-Dec-2024 19:12:52","2024-12-27 19:12:52","27-Dec-2024 19:12:53","00:00:01","https://nsearchives.nseindia.com/corporate/PARAGMILK_27122024191156_Closure_of_Trading_Window.pdf"
"PARAGMILK","Parag Milk Foods Limited","General Updates","Parag Milk Foods Limited has informed the Exchange about Investor Presentation on Unaudited Financial Results for quarter and half year ended September 30, 2024","11-Nov-2024 22:44:41","2024-11-11 22:44:41","11-Nov-2024 22:44:41","00:00:00","https://nsearchives.nseindia.com/corporate/PARAGMILK_11112024224441_Exchangeuplaodfile.pdf"
"PARAGMILK","Parag Milk Foods Limited","ESOP/ESOS/ESPS","Parag Milk Foods Limited has informed the Exchange regarding Grant of 345000 Stock Options.","11-Nov-2024 21:48:18","2024-11-11 21:48:18","11-Nov-2024 21:48:19","00:00:01","https://nsearchives.nseindia.com/corporate/PARAGMILK_11112024214819_Exchangeupload.pdf"
"PARAGMILK","Parag Milk Foods Limited","Press Release","Parag Milk Foods Limited has informed the Exchange regarding a press release dated November 11, 2024, titled ""Press Release on Unaudited Financial Results for quarter and half year ended September 30, 2024"".","11-Nov-2024 21:29:58","2024-11-11 21:29:58","11-Nov-2024 21:29:59","00:00:01","https://nsearchives.nseindia.com/corporate/PARAGMILK_11112024212959_Exchangeuploadfile.pdf"
"PARAGMILK","Parag Milk Foods Limited","Outcome of Board Meeting","Parag Milk Foods Limited has informed the Exchange regarding  Outcome of Board meeting held on November 11, 2024.","11-Nov-2024 21:03:04","2024-11-11 21:03:04","11-Nov-2024 21:03:05","00:00:01","https://nsearchives.nseindia.com/corporate/PARAGMILK_11112024210304_Exchangeuploadefile.pdf"
"PARAGMILK","Parag Milk Foods Limited","Financial Result Updates"," Parag Milk Foods Limited has submitted to the Exchange, the financial results for the period ended September 30, 2024.","11-Nov-2024 21:01:26","2024-11-11 21:01:26","11-Nov-2024 21:01:26","00:00:00","https://nsearchives.nseindia.com/corporate/Exchangeuploadefile_11112024210126.pdf"
"PARAGMILK","Parag Milk Foods Limited","Certificate under SEBI (Depositories and Participants) Regulations, 2018","Parag Milk Foods Limited has informed the Exchange about Certificate under SEBI (Depositories and Participants) Regulations, 2018","10-Oct-2024 12:51:05","2024-10-10 12:51:05","10-Oct-2024 12:51:06","00:00:01","https://nsearchives.nseindia.com/corporate/PARAGMILK_10102024125106_Reg74_5_ofSEBIDPRegulationsSeptember2024.pdf"
"PARAGMILK","Parag Milk Foods Limited","Trading Window","Parag Milk Foods Limited has informed the Exchange regarding the Trading Window closure pursuant to SEBI (Prohibition of Insider Trading) Regulations, 2015","27-Sep-2024 17:08:11","2024-09-27 17:08:11","27-Sep-2024 17:08:12","00:00:01","https://nsearchives.nseindia.com/corporate/PARAGMILK_27092024170811_ClosureofTradingWindow.pdf"
"PARAGMILK","Parag Milk Foods Limited","Analysts/Institutional Investor Meet/Con. Call Updates","Parag Milk Foods Limited has informed the Exchange about Schedule of Analyst/ Investor Meet","23-Sep-2024 18:28:23","2024-09-23 18:28:23","23-Sep-2024 18:28:24","00:00:01","https://nsearchives.nseindia.com/corporate/PARAGMILK_23092024182823_Intimation.pdf"
"PARAGMILK","Parag Milk Foods Limited","Shareholders meeting","Parag Milk Foods Limited has submitted the Exchange a copy Srutinizers report of  Annual General Meeting held on September 11, 2024. Further, the company has informed the Exchange regarding voting results.","12-Sep-2024 19:42:11","2024-09-12 19:42:11","12-Sep-2024 19:42:12","00:00:01","https://nsearchives.nseindia.com/corporate/PARAGMILK_12092024194212_StockExchangeintimation.pdf"
"PARAGMILK","Parag Milk Foods Limited","Shareholders meeting","Parag Milk Foods Limited has informed the Exchange regarding Proceedings of Annual General Meeting held on September 11, 2024","11-Sep-2024 16:59:37","2024-09-11 16:59:37","11-Sep-2024 16:59:38","00:00:01","https://nsearchives.nseindia.com/corporate/PARAGMILK_11092024165937_AGMProceedingsSeptember11signed.pdf"
"PARAGMILK","Parag Milk Foods Limited","Updates","Parag Milk Foods Limited has informed the Exchange regarding 'Update On Senior Management Personnel'.","23-Aug-2024 00:44:22","2024-08-23 00:44:22","23-Aug-2024 00:44:23","00:00:01","https://nsearchives.nseindia.com/corporate/PARAGMILK_23082024004422_IntimationStockExchangeChangeofSMP.pdf"
"PARAGMILK","Parag Milk Foods Limited","Copy of Newspaper Publication","Parag Milk Foods Limited has informed the Exchange about Copy of Newspaper Publication in connection with Notice of 32nd Annual General Meeting to be held on September 11, 2024","17-Aug-2024 12:42:53","2024-08-17 12:42:53","17-Aug-2024 12:42:54","00:00:01","https://nsearchives.nseindia.com/corporate/PARAGMILK_17082024124253_SEIntimation.pdf"
"PARAGMILK","Parag Milk Foods Limited","Book Closure","Parag Milk Foods Limited has informed the Exchange that Register of Members & Share Transfer Books of the Company will remain closed from 05-Sep-2024 to 11-Sep-2024 for the purpose of Dividend & Meeting.","16-Aug-2024 23:10:56","2024-08-16 23:10:56","16-Aug-2024 23:10:57","00:00:01","https://nsearchives.nseindia.com/corporate/PARAGMILK_16082024231056_StockExchangeIntimationRecordDate.pdf"
"PARAGMILK","Parag Milk Foods Limited","Record Date","Parag Milk Foods Limited has informed the Exchange that Record date for the purpose of Dividend  is 04-Sep-2024.","16-Aug-2024 23:08:12","2024-08-16 23:08:12","16-Aug-2024 23:08:13","00:00:01","https://nsearchives.nseindia.com/corporate/PARAGMILK_16082024230812_StockExchangeIntimationRecordDate.pdf"
"PARAGMILK","Parag Milk Foods Limited","Shareholders meeting","Parag Milk Foods Limited has informed the Exchange regarding Notice of Annual General Meeting to be held on September 11, 2024 and Annual Report for FY 2023-24","16-Aug-2024 22:02:46","2024-08-16 22:02:46","16-Aug-2024 22:02:46","00:00:00","https://nsearchives.nseindia.com/corporate/PARAGMILK_16082024220246_SEIntimationAnnualReportFY2024.pdf"
"PARAGMILK","Parag Milk Foods Limited","Copy of Newspaper Publication","Parag Milk Foods Limited has informed the Exchange about Extract of Newspaper Publications regarding the ensuing AGM and, inter-alia, requesting shareholders to register their e-mail address","10-Aug-2024 18:15:45","2024-08-10 18:15:45","10-Aug-2024 18:15:46","00:00:01","https://nsearchives.nseindia.com/corporate/PARAGMILK_10082024181545_SEIntimationNewspapaerAdvtPreDispatch.pdf"
"PARAGMILK","Parag Milk Foods Limited","Analysts/Institutional Investor Meet/Con. Call Updates","Parag Milk Foods Limited has informed the Exchange about Schedule of Analyst/Investor Meet","08-Aug-2024 17:37:13","2024-08-08 17:37:13","08-Aug-2024 17:37:14","00:00:01","https://nsearchives.nseindia.com/corporate/PARAGMILK_08082024173713_IntimationScheduleofAnalystAugust132024.pdf"
"PARAGMILK","Parag Milk Foods Limited","Investor Presentation","Parag Milk Foods Limited has informed the Exchange about Investor Presentation","23-Jul-2024 21:37:00","2024-07-23 21:37:00","23-Jul-2024 21:37:01","00:00:01","https://nsearchives.nseindia.com/corporate/PARAGMILK_23072024213700_Investorpresentationstockenchangeupload.pdf"
"PARAGMILK","Parag Milk Foods Limited","ESOP/ESOS/ESPS","Parag Milk Foods Limited has informed the Exchange regarding Grant of 50000  Stock Options.","23-Jul-2024 20:24:31","2024-07-23 20:24:31","23-Jul-2024 20:24:32","00:00:01","https://nsearchives.nseindia.com/corporate/PARAGMILK_23072024202431_OutcomeofNRC.pdf"
"PARAGMILK","Parag Milk Foods Limited","Press Release","Parag Milk Foods Limited has informed the Exchange regarding a press release dated July 23, 2024, titled ""Press Release on the Unaudited Financial Results for quarter ended June 30, 2024.""","23-Jul-2024 20:10:09","2024-07-23 20:10:09","23-Jul-2024 20:10:10","00:00:01","https://nsearchives.nseindia.com/corporate/PARAGMILK_23072024201009_Pressreleasestockexchangeupload.pdf"
"PARAGMILK","Parag Milk Foods Limited","Outcome of Board Meeting","Parag Milk Foods Limited has informed the Exchange regarding  the Outcome of Board meeting held on July 23, 2024.","23-Jul-2024 19:59:00","2024-07-23 19:59:00","23-Jul-2024 19:59:01","00:00:01","https://nsearchives.nseindia.com/corporate/PARAGMILK_23072024195900_stockexchangeupload.pdf"
"PARAGMILK","Parag Milk Foods Limited","Financial Result Updates","Parag Milk Foods Limited has submitted to the Exchange, the financial results for the period ended June 30, 2024.","23-Jul-2024 19:56:28","2024-07-23 19:56:28","23-Jul-2024 19:56:33","00:00:05","https://nsearchives.nseindia.com/corporate/stockexchangeupload_23072024195628.pdf"
"PARAGMILK","Parag Milk Foods Limited","Certificate under SEBI (Depositories and Participants) Regulations, 2018","Parag Milk Foods Limited has informed the Exchange about Certificate under SEBI (Depositories and Participants) Regulations, 2018","10-Jul-2024 13:18:51","2024-07-10 13:18:51","10-Jul-2024 13:18:52","00:00:01","https://nsearchives.nseindia.com/corporate/PARAGMILK_10072024131851_Exchangeuploadfilesigned.pdf"
"PARAGMILK","Parag Milk Foods Limited","Memorandum of Understanding/Agreements","Parag Milk Foods Limited has informed the Exchange about first Amendment Agreement to FCCB Subscription Agreement executed with International Finance Corporation","09-Jul-2024 16:14:48","2024-07-09 16:14:48","09-Jul-2024 16:14:49","00:00:01","https://nsearchives.nseindia.com/corporate/PARAGMILK_09072024161448_IntimationofFCCBAmenementAgreement09072024.pdf"
"PARAGMILK","Parag Milk Foods Limited","Trading Window","Parag Milk Foods Limited has informed the Exchange regarding the Trading Window closure pursuant to SEBI (Prohibition of Insider Trading) Regulations, 2015","27-Jun-2024 18:49:52","2024-06-27 18:49:52","27-Jun-2024 18:49:53","00:00:01","https://nsearchives.nseindia.com/corporate/PARAGMILK_27062024184952_Closureoftradingwindow.pdf"
"PARAGMILK","Parag Milk Foods Limited","Updates","Parag Milk Foods Limited has informed the Exchange regarding 'Email Communication sent to shareholders for tax deduction on dividend payout'.","26-Jun-2024 18:32:54","2024-06-26 18:32:54","26-Jun-2024 18:32:54","00:00:00","https://nsearchives.nseindia.com/corporate/PARAGMILK_26062024183254_Stockexchangeintimationsigned.pdf"
"PARAGMILK","Parag Milk Foods Limited","Updates","Parag Milk Foods Limited has informed the Exchange regarding 'plant visit of Institutional Investors organized by Investec India.'","04-Jun-2024 15:21:06","2024-06-04 15:21:06","04-Jun-2024 15:21:07","00:00:01","https://nsearchives.nseindia.com/corporate/PARAGMILK_04062024152106_IntimationScheduleofPlantVisitJune10142024.pdf"
"PARAGMILK","Parag Milk Foods Limited","Copy of Newspaper Publication","Parag Milk Foods Limited has informed the Exchange about Copy of Newspaper Publication for transfer of shares to IEPF Authority","01-Jun-2024 11:22:41","2024-06-01 11:22:41","01-Jun-2024 11:22:41","00:00:00","https://nsearchives.nseindia.com/corporate/PARAGMILK_01062024112241_Stockexchangeintimation.pdf"
"PARAGMILK","Parag Milk Foods Limited","Investor Presentation","Parag Milk Foods Limited has informed the Exchange about Investor Presentation","18-May-2024 23:42:44","2024-05-18 23:42:44","18-May-2024 23:42:51","00:00:07","https://nsearchives.nseindia.com/corporate/PARAGMILK_18052024234244_Investorpresentationstockexchnage.pdf"
"PARAGMILK","Parag Milk Foods Limited","Statement of deviation(s) or variation(s) under Reg. 32","Parag Milk Foods Limited has informed the Exchange about statement of deviation(s) or variation(s) under Reg. 32","18-May-2024 23:34:11","2024-05-18 23:34:11","18-May-2024 23:34:17","00:00:06","https://nsearchives.nseindia.com/corporate/PARAGMILK_18052024233411_StockExchangeIntimationStatementofDeviation.pdf"
"PARAGMILK","Parag Milk Foods Limited","Press Release","Parag Milk Foods Limited has informed the Exchange regarding a press release dated May 18, 2024, titled ""Press Release on the Audited Financial Results for quarter and year ended March 31, 2024"".","18-May-2024 22:33:46","2024-05-18 22:33:46","18-May-2024 22:33:52","00:00:06","https://nsearchives.nseindia.com/corporate/PARAGMILK_18052024223346_PressReleaseStockExchange.pdf"
"PARAGMILK","Parag Milk Foods Limited","Outcome of Board Meeting","Parag Milk Foods Limited has informed the Exchange regarding  Outcome of Board meeting held on May 18, 2024.","18-May-2024 21:36:47","2024-05-18 21:36:47","18-May-2024 21:36:53","00:00:06","https://nsearchives.nseindia.com/corporate/PARAGMILK_18052024213647_FinancialResultsStockexchnage.pdf"
"PARAGMILK","Parag Milk Foods Limited","Financial Result Updates","Parag Milk Foods Limited has submitted to the Exchange, the financial results for the period ended March 31, 2024.","18-May-2024 21:31:48","2024-05-18 21:31:48","18-May-2024 21:31:55","00:00:07","https://nsearchives.nseindia.com/corporate/FinancialResultsStockexchnage_18052024213148.pdf"
"PARAGMILK","Parag Milk Foods Limited","Disclosure under SEBI Takeover Regulations","��Devendra P. Shah��has Submitted to the Exchange a copy of Disclosure under Regulation 31(4) of the Securities and Exchange Board of India��(Substantial Acquisition of Shares and Takeovers) Regulations, 2011.","16-Apr-2024 19:05:31","2024-04-16 19:05:31","16-Apr-2024 19:05:36","00:00:05","https://nsearchives.nseindia.com/corporate/PARAGMILK_16042024190531_PARAGMILK.pdf"
"PARAGMILK","Parag Milk Foods Limited","Certificate under SEBI (Depositories and Participants) Regulations, 2018","Parag Milk Foods Limited has informed the Exchange about Certificate under SEBI (Depositories and Participants) Regulations, 2018","07-Apr-2024 22:40:16","2024-04-07 22:40:16","07-Apr-2024 22:40:24","00:00:08","https://nsearchives.nseindia.com/corporate/PARAGMILK_07042024224016_ExchangeuploadReg74_5_ofSEBIDPRegulationsMarch2024.pdf"
"PARAGMILK","Parag Milk Foods Limited","Trading Window","Parag Milk Foods Limited has informed the Exchange regarding the Trading Window closure pursuant to SEBI (Prohibition of Insider Trading) Regulations, 2015","26-Mar-2024 23:20:03","2024-03-26 23:20:03","26-Mar-2024 23:20:08","00:00:05","https://nsearchives.nseindia.com/corporate/PARAGMILK_26032024232003_ClosureofTradingWindow.pdf"
"PARAGMILK","Parag Milk Foods Limited","Analysts/Institutional Investor Meet/Con. Call Updates","Parag Milk Foods Limited has informed the Exchange about Schedule of Analyst/Investor Meet","26-Mar-2024 23:16:34","2024-03-26 23:16:34","26-Mar-2024 23:16:46","00:00:12","https://nsearchives.nseindia.com/corporate/PARAGMILK_26032024231634_IntimationScheduleofAnalystApril12024.pdf"
"PARAGMILK","Parag Milk Foods Limited","Analysts/Institutional Investor Meet/Con. Call Updates","Parag Milk Foods Limited has informed the Exchange about Schedule of Investor Meet","15-Mar-2024 19:54:39","2024-03-15 19:54:39","15-Mar-2024 19:54:46","00:00:07","https://nsearchives.nseindia.com/corporate/PARAGMILK_15032024195439_IntimationScheduleofAnalystMarch26282024.pdf"
"PARAGMILK","Parag Milk Foods Limited","Analysts/Institutional Investor Meet/Con. Call Updates","Parag Milk Foods Limited has informed the Exchange about Schedule of Investor Meet","28-Feb-2024 14:25:44","2024-02-28 14:25:44","28-Feb-2024 14:25:51","00:00:07","https://nsearchives.nseindia.com/corporate/PARAGMILK_28022024142544_IntimationScheduleofAnalystMarch42024.pdf"
"PARAGMILK","Parag Milk Foods Limited","Updates","Parag Milk Foods Limited has informed the Exchange regarding 'Conversion of 20,00,000 Share Warrants and Allotment of equal number of Equity Shares to Ms. Akshali Shah consequent to exercise of right for conversion of warrants into equity shares.'.","14-Feb-2024 19:00:15","2024-02-14 19:00:15","14-Feb-2024 19:00:19","00:00:04","https://nsearchives.nseindia.com/corporate/PARAGMILK_14022024190015_StockExchangeConversionofWarrantsandAllotmentofES.pdf"
"PARAGMILK","Parag Milk Foods Limited","Investor Presentation","Parag Milk Foods Limited has informed the Exchange about Investor Presentation","08-Feb-2024 15:28:19","2024-02-08 15:28:19","08-Feb-2024 15:28:26","00:00:07","https://nsearchives.nseindia.com/corporate/PARAGMILK_08022024152819_InvestorPresentationQ3FY24.pdf"
"PARAGMILK","Parag Milk Foods Limited","ESOP/ESOS/ESPS","Parag Milk Foods Limited has informed the Exchange regarding Grant of 50000  Options.","07-Feb-2024 16:31:20","2024-02-07 16:31:20","07-Feb-2024 16:31:34","00:00:14","https://nsearchives.nseindia.com/corporate/PARAGMILK_07022024163121_StockOptionsESOPgrantupload.pdf"
"PARAGMILK","Parag Milk Foods Limited","Press Release","Parag Milk Foods Limited has informed the Exchange regarding a press release dated February 07, 2024, titled ""Press Release on Unaudited Financial Results for Quarter and Nine Months ended December 31, 2023"".","07-Feb-2024 14:54:59","2024-02-07 14:54:59","07-Feb-2024 14:55:05","00:00:06","https://nsearchives.nseindia.com/corporate/PARAGMILK_07022024145459_Pressreleaseupload.pdf"
"PARAGMILK","Parag Milk Foods Limited","Financial Result Updates","Parag Milk Foods Limited has submitted to the Exchange, the financial results for the period ended December 31, 2023.","07-Feb-2024 14:32:35","2024-02-07 14:32:35","07-Feb-2024 14:32:41","00:00:06","https://nsearchives.nseindia.com/corporate/Stockexchangeupload_07022024143235.pdf"
"PARAGMILK","Parag Milk Foods Limited","Outcome of Board Meeting","Parag Milk Foods Limited has informed the Exchange regarding  Outcome of Board meeting held on February 07, 2024","07-Feb-2024 14:29:53","2024-02-07 14:29:53","07-Feb-2024 14:29:59","00:00:06","https://nsearchives.nseindia.com/corporate/PARAGMILK_07022024142953_Stockexchangeupload.pdf"
"PARAGMILK","Parag Milk Foods Limited","Certificate under SEBI (Depositories and Participants) Regulations, 2018","Parag Milk Foods Limited has informed the Exchange about Certificate under SEBI (Depositories and Participants) Regulations, 2018","11-Jan-2024 16:10:08","2024-01-11 16:10:08","11-Jan-2024 16:10:14","00:00:06","https://nsearchives.nseindia.com/corporate/PARAGMILK_11012024161008_ExchangeUpload74531122023.pdf"
"PARAGMILK","Parag Milk Foods Limited","Trading Window","Parag Milk Foods Limited has informed the Exchange regarding the Trading Window closure pursuant to SEBI (Prohibition of Insider Trading) Regulations, 2015","01-Jan-2024 08:59:37","2024-01-01 08:59:37","01-Jan-2024 08:59:44","00:00:07","https://nsearchives.nseindia.com/corporate/PARAGMILK_01012024085937_ClosureofTradingWindow.pdf"
"PARAGMILK","Parag Milk Foods Limited","Updates","Parag Milk Foods Limited has informed the Exchange regarding 'Change in Senior Management Personnel of the Company'.","12-Dec-2023 23:26:40","2023-12-12 23:26:40","12-Dec-2023 23:26:46","00:00:06","https://nsearchives.nseindia.com/corporate/PARAGMILK_12122023232640_IntimationofChangeofSMP12122023.pdf"
"PARAGMILK","Parag Milk Foods Limited","Updates","Parag Milk Foods Limited has informed the Exchange regarding 'Analyst / Investor Meet on December 8, 2023'.","07-Dec-2023 15:50:21","2023-12-07 15:50:21","07-Dec-2023 15:50:26","00:00:05","https://nsearchives.nseindia.com/corporate/PARAGMILK_07122023155021_IntimationScheduleofAnalystDecember82023.pdf"
"PARAGMILK","Parag Milk Foods Limited","Analysts/Institutional Investor Meet/Con. Call Updates","Parag Milk Foods Limited has informed the Exchange about Schedule of Analysts / Investors Meet","30-Nov-2023 14:01:03","2023-11-30 14:01:03","30-Nov-2023 14:01:15","00:00:12","https://nsearchives.nseindia.com/corporate/PARAGMILK_30112023140103_IntimationScheduleofAnalystDecember2023.pdf"
"PARAGMILK","Parag Milk Foods Limited","Updates","Parag Milk Foods Limited has informed the Exchange regarding 'plant visit of Institutional Investor, ICICI Prudential Mutual Fund'.","28-Nov-2023 18:22:59","2023-11-28 18:22:59","28-Nov-2023 18:23:06","00:00:07","https://nsearchives.nseindia.com/corporate/PARAGMILK_28112023182259_IntimationPlantVisitNovember292023.pdf"
"PARAGMILK","Parag Milk Foods Limited","Updates","Parag Milk Foods Limited has informed the Exchange regarding 'plant visit of Institutional Investors organized by CLSA India'.","28-Nov-2023 14:15:30","2023-11-28 14:15:30","28-Nov-2023 14:15:36","00:00:06","https://nsearchives.nseindia.com/corporate/PARAGMILK_28112023141530_IntimationScheduleofAnalystNovember282023.pdf"
"PARAGMILK","Parag Milk Foods Limited","Investor Presentation","Parag Milk Foods Limited has informed the Exchange about Investor Presentation","15-Nov-2023 14:20:45","2023-11-15 14:20:45","15-Nov-2023 14:20:55","00:00:10","https://nsearchives.nseindia.com/corporate/PARAGMILK_15112023142046_ParagQ2FY24Presentation15thNov.pdf"
"PARAGMILK","Parag Milk Foods Limited","Press Release","Parag Milk Foods Limited has informed the Exchange regarding a press release dated November 09, 2023, titled ""Press Release on Unaudited Financials Results for quarter and half year ended September 30, 2023"".","09-Nov-2023 17:39:37","2023-11-09 17:39:37","09-Nov-2023 17:39:54","00:00:17","https://nsearchives.nseindia.com/corporate/PARAGMILK_09112023173937_PressReleaseStockExchange302023.pdf"
"PARAGMILK","Parag Milk Foods Limited","Financial Result Updates","Parag Milk Foods Limited has submitted to the Exchange, the financial results for the period ended September 30, 2023.","09-Nov-2023 17:29:47","2023-11-09 17:29:47","09-Nov-2023 17:29:56","00:00:09","https://nsearchives.nseindia.com/corporate/ResultsSeptember302023_09112023172947.pdf"
"PARAGMILK","Parag Milk Foods Limited","Outcome of Board Meeting","Parag Milk Foods Limited has informed the Exchange regarding  Outcome of Board Meeting held on November 09, 2023.","09-Nov-2023 17:23:28","2023-11-09 17:23:28","09-Nov-2023 17:23:42","00:00:14","https://nsearchives.nseindia.com/corporate/PARAGMILK_09112023172328_ResultsSeptember302023.pdf"
"PARAGMILK","Parag Milk Foods Limited","Press Release","Parag Milk Foods Limited has informed the Exchange regarding a press release dated November 06, 2023, titled ""Press Release on Appointment of Boston Consulting Group for a Strategic Transformation Journey"".","06-Nov-2023 13:25:12","2023-11-06 13:25:12","06-Nov-2023 13:25:21","00:00:09","https://nsearchives.nseindia.com/corporate/PARAGMILK_06112023132512_PressReleaseBCG.pdf"
"PARAGMILK","Parag Milk Foods Limited","Press Release","Parag Milk Foods Limited has informed the Exchange regarding a press release dated October 19, 2023, titled ""Press Release on  Appointment of Ex-Lactalis India & Amul MD, Mr. Rahul Kumar  Srivastava as Chief Operating Officer'"".","19-Oct-2023 13:35:46","2023-10-19 13:35:46","19-Oct-2023 13:35:54","00:00:08","https://nsearchives.nseindia.com/corporate/PARAGMILK_19102023133546_PressReleasedatedOctober192023.pdf"
"PARAGMILK","Parag Milk Foods Limited","Certificate under SEBI (Depositories and Participants) Regulations, 2018","Parag Milk Foods Limited has informed the Exchange about Certificate under Regulation 74(5) of SEBI (Depositories and Participants) Regulations, 2018 for quarter ended September 30, 2023","12-Oct-2023 13:34:55","2023-10-12 13:34:55","12-Oct-2023 13:35:02","00:00:07","https://nsearchives.nseindia.com/corporate/PARAGMILK_12102023133455_74Intimationstockexchanges30923.pdf"
"PARAGMILK","Parag Milk Foods Limited","Shareholders meeting","Parag Milk Foods Limited has submitted the Exchange a copy Srutinizers report of  Annual General Meeting held on September 27, 2023. Further, the company has informed the Exchange regarding voting results.","29-Sep-2023 16:38:54","2023-09-29 16:38:54","29-Sep-2023 16:39:00","00:00:06","https://nsearchives.nseindia.com/corporate/PARAGMILK_29092023163854_VotingResultsScrutinizerReportforAGMheldonSept272023.pdf"
"PARAGMILK","Parag Milk Foods Limited","Trading Window","Parag Milk Foods Limited has informed the Exchange regarding the Trading Window closure pursuant to SEBI (Prohibition of Insider Trading) Regulations, 2015","28-Sep-2023 17:55:48","2023-09-28 17:55:48","28-Sep-2023 17:55:53","00:00:05","https://nsearchives.nseindia.com/corporate/PARAGMILK_28092023175548_TradingWindowDisclosureSeptember302023.pdf"
"PARAGMILK","Parag Milk Foods Limited","Shareholders meeting","Parag Milk Foods Limited has informed the Exchange regarding Proceedings of  Annual General Meeting held on September 27, 2023.","27-Sep-2023 20:08:19","2023-09-27 20:08:19","27-Sep-2023 20:08:23","00:00:04","https://nsearchives.nseindia.com/corporate/PARAGMILK_27092023200819_AGMProceedingsSeptember272023.pdf"
"PARAGMILK","Parag Milk Foods Limited","Analysts/Institutional Investor Meet/Con. Call Updates","Parag Milk Foods Limited has informed the Exchange about participatingin Investor Summit","26-Sep-2023 18:16:19","2023-09-26 18:16:19","26-Sep-2023 18:16:24","00:00:05","https://nsearchives.nseindia.com/corporate/PARAGMILK_26092023181619_IntimationScheduleofAnalystSep292023.pdf"
"PARAGMILK","Parag Milk Foods Limited","Analysts/Institutional Investor Meet/Con. Call Updates","Parag Milk Foods Limited has informed the Exchange about Schedule of Analyst / Investors Meet","12-Sep-2023 22:09:08","2023-09-12 22:09:08","12-Sep-2023 22:09:13","00:00:05","https://nsearchives.nseindia.com/corporate/PARAGMILK_12092023220908_ScheduleofInvestorMeetSep122023.pdf"
"PARAGMILK","Parag Milk Foods Limited","Book Closure","Parag Milk Foods Limited has informed the Exchange that Register of Members & Share Transfer Books of the Company will remain closed from 21-Sep-2023 to 27-Sep-2023 (both days inclusive) for the purpose of Annual General Meeting to be held on September 27,  2023.","07-Sep-2023 15:38:55","2023-09-07 15:38:55","07-Sep-2023 15:38:58","00:00:03","https://nsearchives.nseindia.com/corporate/PARAGMILK_07092023153855_SEIntimationBookClosure.pdf"
"PARAGMILK","Parag Milk Foods Limited","Copy of Newspaper Publication","Parag Milk Foods Limited Intimation of Newspaper Advertisement published in connection with Notice of 31st Annual General Meeting to be held on September 27, 2023","06-Sep-2023 19:56:25","2023-09-06 19:56:25","06-Sep-2023 19:56:29","00:00:04","https://nsearchives.nseindia.com/corporate/PARAGMILK_06092023195625_SEIntimationNewspapaerAd06092023.pdf"
"PARAGMILK","Parag Milk Foods Limited","Shareholders meeting","Parag Milk Foods Limited has informed the Exchange regarding Notice of Annual General Meeting to be held on September 27, 2023 and Annual Report for FY 2022-23","05-Sep-2023 21:23:22","2023-09-05 21:23:22","05-Sep-2023 21:23:31","00:00:09","https://nsearchives.nseindia.com/corporate/PARAGMILK_05092023212323_StockExchangeIntimationARFY202223.pdf"
"PARAGMILK","Parag Milk Foods Limited","Copy of Newspaper Publication","Parag Milk Foods Limited has informed the Exchange about Copy of Newspaper Publication containing information of ensuing AGM and, inter-alia, requesting shareholders to register their e-mail address","31-Aug-2023 13:18:54","2023-08-31 13:18:54","31-Aug-2023 13:18:58","00:00:04","https://nsearchives.nseindia.com/corporate/PARAGMILK_31082023131854_SEIntimationNewspapaerAdvtPreDispatch.pdf"
"PARAGMILK","Parag Milk Foods Limited","Press Release","Parag Milk Foods Limited has informed the Exchange regarding a press release dated August 29, 2023, titled ""Strengthening the Management Team of the Company with Nine Key Appointments in recent time"".","29-Aug-2023 10:10:54","2023-08-29 10:10:54","29-Aug-2023 10:10:57","00:00:03","https://nsearchives.nseindia.com/corporate/PARAGMILK_29082023101054_PressReleasedatedAugust282023.pdf"
"PARAGMILK","Parag Milk Foods Limited","Corrigendum","Parag Milk Foods Limited has informed the Exchange regarding Corrigendum to Other","06-Aug-2023 20:04:21","2023-08-06 20:04:21","07-Aug-2023 00:19:17","04:14:56","https://nsearchives.nseindia.com/corporate/PARAGMILK_06082023200421_Corrigendamtoletterdt6Aug2023.pdf"
"PARAGMILK","Parag Milk Foods Limited","Press Release","Parag Milk Foods Limited has informed the Exchange regarding a press release dated August 05, 2023, titled ""Press Release on Unaudited Financials Results for quarter ended June 30, 2023"".","05-Aug-2023 15:29:01","2023-08-05 15:29:01","06-Aug-2023 23:44:20","32:15:19","https://nsearchives.nseindia.com/corporate/PARAGMILK_05082023152901_PressReleasedt5Aug2023.pdf"
"PARAGMILK","Parag Milk Foods Limited","Outcome of Board Meeting","Parag Milk Foods Limited has informed the Exchange regarding  Outcome of the Board meeting held on August 05, 2023","05-Aug-2023 15:16:37","2023-08-05 15:16:37","06-Aug-2023 23:42:43","32:26:06","https://nsearchives.nseindia.com/corporate/PARAGMILK_05082023151637_BMOUTCOMESTOCKEXCHNAGEJUNE302023.pdf"
"PARAGMILK","Parag Milk Foods Limited","Financial Result Updates","Parag Milk Foods Limited has submitted to the Exchange, the financial results for the period ended June 30, 2023.","05-Aug-2023 15:13:18","2023-08-05 15:13:18","06-Aug-2023 23:07:39","31:54:21","https://nsearchives.nseindia.com/corporate/BMOUTCOMESTOCKEXCHNAGEJUNE302023_05082023151318.pdf"
"PARAGMILK","Parag Milk Foods Limited","Certificate under SEBI (Depositories and Participants) Regulations, 2018","Parag Milk Foods Limited has informed the Exchange about Certificate under Regulation 74(5) of SEBI (Depositories and Participants) Regulations, 2018","13-Jul-2023 13:11:19","2023-07-13 13:11:19","13-Jul-2023 13:11:26","00:00:07","https://nsearchives.nseindia.com/corporate/PARAGMILK_13072023131119_REG74STOCKEXCHANGESJUNE302023.pdf"
"PARAGMILK","Parag Milk Foods Limited","Trading Window","Parag Milk Foods Limited has informed the Exchange regarding the Trading Window closure pursuant to SEBI (Prohibition of Insider Trading) Regulations, 2015","27-Jun-2023 18:39:58","2023-06-27 18:39:58","27-Jun-2023 18:40:05","00:00:07","https://nsearchives.nseindia.com/corporate/PARAGMILK_27062023183958_TradingWindowDisclosureqtrendingJune302023.pdf"
"PARAGMILK","Parag Milk Foods Limited","Annual Secretarial Compliance Report","Parag Milk Foods Ltd. - Annual Secretarial Compliance Report for FY 2022-23.","15-May-2023 13:16:30","2023-05-15 13:16:30","15-May-2023 13:16:37","00:00:07","https://nsearchives.nseindia.com/corporate/PARAGMILK_15052023131630_StockExchangeIntimation.pdf"
"PARAGMILK","Parag Milk Foods Limited","Credit Rating","Parag Milk Foods Limited has informed the Exchange about Credit Rating","12-May-2023 22:13:24","2023-05-12 22:13:24","12-May-2023 22:13:28","00:00:04","https://nsearchives.nseindia.com/corporate/PARAGMILK_12052023221324_IntimationofCreditRatingICRALtd12052023.pdf"
"PARAGMILK","Parag Milk Foods Limited","Credit Rating","Parag Milk Foods Limited has informed the Exchange about Credit Rating","11-May-2023 22:20:30","2023-05-11 22:20:30","11-May-2023 22:20:36","00:00:06","https://nsearchives.nseindia.com/corporate/PARAGMILK_11052023222030_IntimationofCreditRatingICRALtd10052023.pdf"
"PARAGMILK","Parag Milk Foods Limited","Disclosure under SEBI Takeover Regulations","Devendra P. Shah has Submitted to the Exchange a copy of Disclosure under Regulation 31(4) of the Securities and Exchange Board of India (Substantial Acquisition of Shares and Takeovers) Regulations, 2011.","11-May-2023 12:51:14","2023-05-11 12:51:14","11-May-2023 12:51:22","00:00:08","https://nsearchives.nseindia.com/corporate/PARAGMILK_11052023125114_Disclosure3.pdf"
"PARAGMILK","Parag Milk Foods Limited","Investor Presentation","Parag Milk Foods Limited has informed the Exchange about Investor Presentation","02-May-2023 12:04:44","2023-05-02 12:04:44","02-May-2023 12:04:49","00:00:05","https://nsearchives.nseindia.com/corporate/PARAGMILK_02052023120444_OutcomeInvestorPPT29Apr2023.pdf"
"PARAGMILK","Parag Milk Foods Limited","Change in Directors/ Key Managerial Personnel/ Auditor/ Compliance Officer/ Share Transfer Agent","Parag Milk Foods Ltd has informed the Exchange about change in Interim CFO","30-Apr-2023 00:09:20","2023-04-30 00:09:20","30-Apr-2023 00:09:23","00:00:03","https://nsearchives.nseindia.com/corporate/PARAGMILK_30042023000920_BoardOutcomeFinalApril292023.pdf"
"PARAGMILK","Parag Milk Foods Limited","Related Party Transactions","Parag Milk Foods Limited has informed the Exchange about related Party Transactions","29-Apr-2023 23:52:04","2023-04-29 23:52:04","29-Apr-2023 23:52:52","00:00:48","https://nsearchives.nseindia.com/corporate/PARAGMILK_29042023235204_RPTMARCH2023.pdf"
"PARAGMILK","Parag Milk Foods Limited","Press Release","Parag Milk Foods Limited has informed the Exchange regarding a press release dated April 29, 2023, titled ""Press Release on Audited Financials Results for quarter & year ended March 31, 2023"".","29-Apr-2023 22:57:07","2023-04-29 22:57:07","29-Apr-2023 22:57:10","00:00:03","https://nsearchives.nseindia.com/corporate/PARAGMILK_29042023225707_OutcomePressReleaseApril292023.pdf"
"PARAGMILK","Parag Milk Foods Limited","Outcome of Board Meeting","Parag Milk Foods Limited has informed the Exchange regarding  Outcome of Board meeting held on April 29, 2023.","29-Apr-2023 22:19:11","2023-04-29 22:19:11","29-Apr-2023 22:19:14","00:00:03","https://nsearchives.nseindia.com/corporate/PARAGMILK_29042023221911_BoardOutcomeFinalApril292023.pdf"
"PARAGMILK","Parag Milk Foods Limited","Financial Result Updates","Parag Milk Foods Limited has submitted to the Exchange, the financial results for the period ended March 31, 2023.","29-Apr-2023 22:14:21","2023-04-29 22:14:21","29-Apr-2023 22:14:27","00:00:06","https://nsearchives.nseindia.com/corporate/BoardOutcomeFinalApril292023_29042023221421.pdf"
"PARAGMILK","Parag Milk Foods Limited","Certificate under SEBI (Depositories and Participants) Regulations, 2018","Parag Milk Foods Limited has informed the Exchange regarding Certificate Pursuant to Reg74(5) of SEBI (DP) Regulations, 2018 for Quarter Ended March 31, 2023","13-Apr-2023 19:10:14","2023-04-13 19:10:14","13-Apr-2023 19:10:18","00:00:04","https://nsearchives.nseindia.com/corporate/PARAGMILK_13042023191014_Reg74ofSEBIDPRegulationsMarch2023.pdf"
"PARAGMILK","Parag Milk Foods Limited","Trading Window","Parag Milk Foods Limited has informed the Exchange regarding the Trading Window closure pursuant to SEBI (Prohibition of Insider Trading) Regulations, 2015","29-Mar-2023 18:17:27","2023-03-29 18:17:27","29-Mar-2023 18:17:30","00:00:03","https://nsearchives.nseindia.com/corporate/PARAGMILK_29032023181727_TradingWindowDisclosureMarch312023.pdf"
"PARAGMILK","Parag Milk Foods Limited","Investor Presentation","Parag Milk Foods Limited has informed the Exchange about Investor Presentation","25-Jan-2023 13:15:24","2023-01-25 13:15:24","25-Jan-2023 13:15:37","00:00:13","https://nsearchives.nseindia.com/corporate/PARAGMILK_25012023131524_StockExchangeInvestorsPPTQ32023.pdf"
"PARAGMILK","Parag Milk Foods Limited","Financial Result Updates","Parag Milk Foods Limited has submitted to the Exchange, the financial results for the period ended December 31, 2022.","24-Jan-2023 22:38:28","2023-01-24 22:38:28","24-Jan-2023 22:38:33","00:00:05","https://nsearchives.nseindia.com/corporate/OutcomePressReleaseFinancials_24012023223828.pdf"
"PARAGMILK","Parag Milk Foods Limited","Updates","Parag Milk Foods Limited has informed the Exchange regarding 'Certificate Pursuant to Reg74(5) of SEBI (DP) Regulations, 2018 for Quarter Ended December 31, 2022'.","08-Jan-2023 10:50:55","2023-01-08 10:50:55","08-Jan-2023 10:50:59","00:00:04","https://nsearchives.nseindia.com/corporate/PARAGMILK_08012023105055_Reg74_5_ofSEBIDPRegulationsDec2022.pdf"
"PARAGMILK","Parag Milk Foods Limited","Trading Window","Parag Milk Foods Limited has informed the Exchange regarding the Trading Window closure pursuant to SEBI (Prohibition of Insider Trading) Regulations, 2015","29-Dec-2022 11:43:16","2022-12-29 11:43:16","29-Dec-2022 11:43:19","00:00:03","https://nsearchives.nseindia.com/corporate/PARAGMILK_29122022114316_TradingWindowDisclosureDecember.pdf"
"PARAGMILK","Parag Milk Foods Limited","Credit Rating","Parag Milk Foods Limited has informed the Exchange about Credit Rating","28-Dec-2022 18:14:02","2022-12-28 18:14:02","28-Dec-2022 18:14:08","00:00:06","https://nsearchives.nseindia.com/corporate/PARAGMILK_28122022181402_IntimationofCreditRatingICRALtd.pdf"
"PARAGMILK","Parag Milk Foods Limited","Shareholders meeting","Parag Milk Foods Limited has submitted the Exchange a copy of the Voting Results for the Postal Ballot e-voting along with Scrutinizers report.","27-Dec-2022 12:16:56","2022-12-27 12:16:56","27-Dec-2022 12:16:59","00:00:03","https://nsearchives.nseindia.com/corporate/PARAGMILK_27122022121656_FinalVotingResultFile.pdf"
"PARAGMILK","Parag Milk Foods Limited","Updates","Parag Milk Foods Limited has informed the Exchange regarding 'Machine readable / searchable / copyable format of Unaudited Financial Results for quarter & half year ended Sep 30, 2022 pursuant to NSE e-mail dated Dec 19, 2022'.","19-Dec-2022 19:22:57","2022-12-19 19:22:57","19-Dec-2022 19:22:59","00:00:02","https://nsearchives.nseindia.com/corporate/PARAGMILK_19122022192257_UFR30Sep2022.pdf"
"PARAGMILK","Parag Milk Foods Limited","Related Party Transaction","Parag Milk Foods Limited has informed the Exchange about related party transaction for the period ended September 2022","29-Nov-2022 14:42:00","2022-11-29 14:42:00","29-Nov-2022 14:42:06","00:00:06","https://nsearchives.nseindia.com/corporate/PARAGMILK_29112022144200_CoveringletterforRPT_Sep2022.pdf"
"PARAGMILK","Parag Milk Foods Limited","Newspaper Advertisements","Parag Milk Foods Limited has informed the Exchange about Newspaper Advertisements for dispatch of Postal Ballot Notice to Shareholders","26-Nov-2022 15:10:24","2022-11-26 15:10:24","26-Nov-2022 15:10:29","00:00:05","https://nsearchives.nseindia.com/corporate/PARAGMILK_26112022151024_StockExchangeIntimationNewspaperAdvertisement.pdf"
"PARAGMILK","Parag Milk Foods Limited","Postal Ballot","Parag Milk Foods Limited has informed the Exchange about Notice of Postal Ballot dated November 23, 2022 for seeking approval of Members of the Company on resolutions forming part of the Postal Ballot Notice.","25-Nov-2022 19:07:30","2022-11-25 19:07:30","25-Nov-2022 19:07:32","00:00:02","https://nsearchives.nseindia.com/corporate/PARAGMILK_25112022190730_StockExchangeIntimation_PostalBallot1.pdf"
"PARAGMILK","Parag Milk Foods Limited","Schedule of Analysts/Institutional Investor Meet/Con. Call","Parag Milk Foods Limited has informed the Exchange about Schedule of Analysts/Institutional Investor Meet/Con. Call ","21-Nov-2022 14:30:27","2022-11-21 14:30:27","21-Nov-2022 14:30:29","00:00:02","https://nsearchives.nseindia.com/corporate/PARAGMILK_21112022143027_Intimation_ScheduleofAnalyst_November212022.pdf"
"PARAGMILK","Parag Milk Foods Limited","General updates","Parag Milk Foods Limited has informed the Exchange about  Investor Presentation Q2, FY 2022-23.","17-Nov-2022 12:59:00","2022-11-17 12:59:00","17-Nov-2022 12:59:08","00:00:08","https://nsearchives.nseindia.com/corporate/PARAGMILK_17112022125900_StockExchangeInvestorsPPTQ22023.pdf"
"PARAGMILK","Parag Milk Foods Limited","Outcome of Board Meeting","Parag Milk Foods Limited  has informed the Exchange about Outcome of Board Meeting held on 14-Nov-2022, interalia, to consider financial statements for the period ended September 2022","14-Nov-2022 15:24:39","2022-11-14 15:24:39","14-Nov-2022 15:24:49","00:00:10","https://nsearchives.nseindia.com/corporate/PARAGMILK_14112022152439_PMFLBoardMeetingOutcomedatedNovember142022.pdf"
"PARAGMILK","Parag Milk Foods Limited","General updates","Parag Milk Foods Limited has informed the Exchange about Conversion of Warrants and Allotment of Equity Shares.In compliance with the Regulation 30 of SEBI (Listing Obligations and Disclosure Requirements) Regulations, 2015, the Company has issued and allotted 50,00,000 equity shares each, of face value of Rs.10/- each fully paid up, to Mr. Devendra P. Shah and Mrs. Netra P. Shah, individually, consequent to the warrant holders having exercised their right for conversion of warrants into equity shares.","07-Nov-2022 11:49:39","2022-11-07 11:49:39","07-Nov-2022 11:49:51","00:00:12","https://nsearchives.nseindia.com/corporate/PARAGMILK_07112022114939_StockExchange_ConversionofWarrantsAllotmentofEquityShares.pdf"
"PARAGMILK","Parag Milk Foods Limited","Press Release","Parag Milk Foods Limited has informed the Exchange about press release dated 18-Oct-2022 titled Krishnamurthy Suryanarayan appointed as CFO of Parag Milk Foods Limited","18-Oct-2022 12:40:09","2022-10-18 12:40:09","18-Oct-2022 12:40:20","00:00:11","https://nsearchives.nseindia.com/corporate/PARAGMILK_18102022124009_PressRelease18.10.2022.pdf"
"PARAGMILK","Parag Milk Foods Limited","Outcome of Board Meeting","Parag Milk Foods Limited  has informed the Exchange about Board Meeting held on 18-Oct-2022 whereby Mr. Krishnamurthy Suryanarayan has been appointed as Chief Financial Officer and Key Managerial Personnel (KMP) of the Company with effect from October 18, 2022 and Mr. Virendra Varma has been appointed as Company Secretary & Compliance Officer and KMP of the Company with effect from October 18, 2022.","18-Oct-2022 12:27:15","2022-10-18 12:27:15","18-Oct-2022 12:27:23","00:00:08","https://nsearchives.nseindia.com/corporate/PARAGMILK_18102022122715_OutcomeofBMOctober18,2022Signed1.pdf"
"PARAGMILK","Parag Milk Foods Limited","General updates","Parag Milk Foods Limited has informed the Exchange about Parag Milk Foods Limited has informed the Exchange about  Certificate Pursuant to Reg74(5) of SEBI (DP) Regulations, 2018 for Quarter Ended September 30, 2022","13-Oct-2022 18:42:54","2022-10-13 18:42:54","13-Oct-2022 18:42:57","00:00:03","https://nsearchives.nseindia.com/corporate/PARAGMILK_13102022184254_Reg745ofSEBIDPRegulationsSeptember2022.pdf"
"PARAGMILK","Parag Milk Foods Limited","Annual General Meeting","Parag Milk Foods Limited has informed the Exchange about Voting results and  Scrutinizer report of Annual General Meeting held on 30-Sep-2022","03-Oct-2022 18:52:36","2022-10-03 18:52:36","03-Oct-2022 18:52:39","00:00:03","https://nsearchives.nseindia.com/corporate/PARAGMILK_03102022185236_StockExchangeIntimation_Reg44.pdf"
"PARAGMILK","Parag Milk Foods Limited","Resignation","Parag Milk Foods Limited  has informed the Exchange about resignation of Rachana Sanaganeria as Company Secretary & Compliance Officer of the Company w.e.f. 30-Sep-2022","01-Oct-2022 16:48:06","2022-10-01 16:48:06","01-Oct-2022 16:48:09","00:00:03","https://nsearchives.nseindia.com/corporate/PARAGMILK_01102022164806_01Intimationur30ResignationofRS.pdf"
"PARAGMILK","Parag Milk Foods Limited","Annual General Meeting","Parag Milk Foods Limited has informed the Exchange about  Proceedings of Annual General Meeting held on 30-Sep-2022","01-Oct-2022 16:20:30","2022-10-01 16:20:30","01-Oct-2022 16:20:34","00:00:04","https://nsearchives.nseindia.com/corporate/PARAGMILK_01102022162030_02AGMProceedings_September302022.pdf"
"PARAGMILK","Parag Milk Foods Limited","Closure of trading window","Parag Milk Foods Limited has informed the Exchange about Closure of trading window","27-Sep-2022 11:49:33","2022-09-27 11:49:33","27-Sep-2022 11:49:35","00:00:02","https://nsearchives.nseindia.com/corporate/PARAGMILK_27092022114933_ParagMilkFoodsLimitedIntimationofClosureOfTradingWindow.pdf"
"PARAGMILK","Parag Milk Foods Limited","Book Closure","Parag Milk Foods Limited has informed the Exchange that Register of Members & Share Transfer Books of the Company will remain closed from 24-Sep-2022 to 30-Sep-2022 for the purpose of Meeting.","12-Sep-2022 17:36:26","2022-09-12 17:36:26","12-Sep-2022 17:36:47","00:00:21","https://nsearchives.nseindia.com/corporate/PARAGMILK_12092022173626_ParagMilkFoodsIntimationofBookClosureDateforAGM.pdf"
"PARAGMILK","Parag Milk Foods Limited","Newspaper Advertisements","Parag Milk Foods Limited has informed the Exchange about Newspaper Advertisements","09-Sep-2022 19:10:12","2022-09-09 19:10:12","09-Sep-2022 19:10:15","00:00:03","https://nsearchives.nseindia.com/corporate/PARAGMILK_09092022191012_ParagMilkFoodsLtdIntimationofNewspaperAdvertisement.pdf"
"PARAGMILK","Parag Milk Foods Limited","Annual General Meeting","Parag Milk Foods Limited has informed the Exchange about Notice of Annual General Meeting to be held on 30-Sep-2022","08-Sep-2022 16:33:15","2022-09-08 16:33:15","08-Sep-2022 16:33:18","00:00:03","https://nsearchives.nseindia.com/corporate/PARAGMILK_08092022163315_ParagMilkFoodsLtdNoticeof30thAGMandAnnualReportFY22.pdf"
"PARAGMILK","Parag Milk Foods Limited","Agreements/Contracts/Arrangements/ MOU's PARA B","Parag Milk Foods Limited has informed the Exchange about Agreements/Contracts/Arrangements/ MOU's PARA B","24-Aug-2022 18:49:39","2022-08-24 18:49:39","24-Aug-2022 18:49:42","00:00:03","https://nsearchives.nseindia.com/corporate/PARAGMILK_24082022184939_ParagMilkFoodsltdDisclosureUnderReg30ofSEBILODRReg2015.pdf"
"PARAGMILK","Parag Milk Foods Limited","Press Release","Parag Milk Foods Limited has informed the Exchange about press release dated 24-Aug-2022 titled Parag Milk Foods Announces Raising of Rs. 131Cr * through preferential allotment ","24-Aug-2022 13:25:27","2022-08-24 13:25:27","24-Aug-2022 13:25:31","00:00:04","https://nsearchives.nseindia.com/corporate/PARAGMILK_24082022132527_ParagMilkFoodsLtdPressReleasedated24August22.pdf"
"PARAGMILK","Parag Milk Foods Limited","Outcome of committee meeting","Parag Milk Foods Limited  has informed the Exchange about Committee Meeting held on 23-Aug-2022 to consider Other business matters","24-Aug-2022 11:13:54","2022-08-24 11:13:54","24-Aug-2022 11:13:56","00:00:02","https://nsearchives.nseindia.com/corporate/PARAGMILK_24082022111354_ParagMilkFoodsLtdIntimationofAllotmentofSecuritiesonPreferenatialBasis.pdf"
"PARAGMILK","Parag Milk Foods Limited","General updates","Parag Milk Foods Limited has informed the Exchange about Parag Milk Foods Limited Reporting of Violation under SEBI (PIT) Regulations, 2015 Relating to Code of Conduct (CoC)","19-Aug-2022 14:32:09","2022-08-19 14:32:09","19-Aug-2022 14:32:12","00:00:03","https://nsearchives.nseindia.com/corporate/PARAGMILK_19082022143209_ParagMilkFoodsltdReportingofNonComplianceUnderSEBIPITReg2015RelatingtoCoC.pdf"
"PARAGMILK","Parag Milk Foods Limited","Press Release","Parag Milk Foods Limited has informed the Exchange about press release dated 13-Aug-2022 titled Parag Milk Foods Limited Press Release on Performance of Q1FY23 Un-Audited Financial Results ","13-Aug-2022 16:24:06","2022-08-13 16:24:06","13-Aug-2022 16:24:15","00:00:09","https://nsearchives.nseindia.com/corporate/PARAGMILK_13082022162406_ParagMilkFoodsLtdPressReleasonPerformanceofQ1FY23Results.pdf"
"PARAGMILK","Parag Milk Foods Limited","Outcome of Board Meeting","Parag Milk Foods Limited  has informed the Exchange about Board Meeting held on 13-Aug-2022 to consider financial statements for the period ended June 2022 and Other business matters","13-Aug-2022 14:07:39","2022-08-13 14:07:39","13-Aug-2022 14:07:44","00:00:05","https://nsearchives.nseindia.com/corporate/PARAGMILK_13082022140739_ParagMilkFoodsLimitedOutcomeofBoardMeetingHeldon13August2022.pdf"
"PARAGMILK","Parag Milk Foods Limited","Extra Ordinary Meeting","Parag Milk Foods Limited has informed the Exchange about Voting results and  Scrutinizer report of Extra Ordinary General Meeting held on 10-Aug-2022","12-Aug-2022 11:24:21","2022-08-12 11:24:21","12-Aug-2022 11:24:23","00:00:02","https://nsearchives.nseindia.com/corporate/PARAGMILK_12082022112421_ParagMilkFoodsLtdVotingResultsofExtraordinayGeneralMeetingHeldon10August22.pdf"
"PARAGMILK","Parag Milk Foods Limited","Extra Ordinary Meeting","Parag Milk Foods Limited has informed the Exchange about  Proceedings of Extra Ordinary General Meeting held on 10-Aug-2022","11-Aug-2022 22:46:51","2022-08-11 22:46:51","11-Aug-2022 22:46:55","00:00:04","https://nsearchives.nseindia.com/corporate/PARAGMILK_11082022224651_ParagMilkFoodsLimitedProceedingsofExtraordinaryGeneraMeetingHeldon10August2022.pdf"
"PARAGMILK","Parag Milk Foods Limited","Extra Ordinary Meeting","Parag Milk Foods Limited has informed the Exchange about Corrigendum  to  Notice of Extra Ordinary General Meeting to be held on 10-Aug-2022","30-Jul-2022 14:40:09","2022-07-30 14:40:09","30-Jul-2022 14:40:14","00:00:05","https://nsearchives.nseindia.com/corporate/PARAGMILK_30072022144009_ParagMilkFoodsLtdCorrigendumtoNoticeofEGMScheduledon10August2022.pdf"
"PARAGMILK","Parag Milk Foods Limited","Newspaper Advertisements","Parag Milk Foods Limited has informed the Exchange about Newspaper Advertisements","22-Jul-2022 20:09:42","2022-07-22 20:09:42","22-Jul-2022 20:09:45","00:00:03","https://nsearchives.nseindia.com/corporate/PARAGMILK_22072022200942_ParagMilkFoodsLtdIntimationofNewspaperAdvertisementofEGM.pdf"
"PARAGMILK","Parag Milk Foods Limited","Record Date","Parag Milk Foods Limited has informed the Exchange that Record date for the purpose of Preferential Offer  is 03-Aug-2022.","22-Jul-2022 13:34:30","2022-07-22 13:34:30","22-Jul-2022 13:34:33","00:00:03","https://nsearchives.nseindia.com/corporate/PARAGMILK_22072022133430_ParagMilkFoodsLtdIntimationofCutOffDate.pdf"
"PARAGMILK","Parag Milk Foods Limited","Credit Rating","Parag Milk Foods Limited has informed the Exchange about Downgrade of Credit Rating","21-Jul-2022 23:14:09","2022-07-21 23:14:09","21-Jul-2022 23:14:13","00:00:04","https://nsearchives.nseindia.com/corporate/PARAGMILK_21072022231409_ParagMilkFoodsLtdRevisioninCreditRating.pdf"
"PARAGMILK","Parag Milk Foods Limited","Extra Ordinary Meeting","Parag Milk Foods Limited has informed the Exchange about Notice of Extra Ordinary General Meeting to be held on 10-Aug-2022","19-Jul-2022 22:45:57","2022-07-19 22:45:57","19-Jul-2022 22:46:00","00:00:03","https://nsearchives.nseindia.com/corporate/PARAGMILK_19072022224557_ParagMIlkFoodsLtdNoticeofExtraOrdinaryGeneralMeetingScheduledon10August22.pdf"
"PARAGMILK","Parag Milk Foods Limited","Outcome of Board Meeting","Parag Milk Foods Limited  has informed the Exchange about Board Meeting held on 18-Jul-2022 to consider Fund raising","19-Jul-2022 16:42:33","2022-07-19 16:42:33","19-Jul-2022 16:42:37","00:00:04","https://nsearchives.nseindia.com/corporate/PARAGMILK_19072022164233_ParagMilkFoodsLtdRevisedOutcomeofBoardMeetingHeldon18July2022.pdf"
"PARAGMILK","Parag Milk Foods Limited","Outcome of Board Meeting","Parag Milk Foods Limited  has informed the Exchange about Board Meeting held on 18-Jul-2022 to consider Fund raising","18-Jul-2022 19:33:12","2022-07-18 19:33:12","18-Jul-2022 19:33:17","00:00:05","https://nsearchives.nseindia.com/corporate/PARAGMILK_18072022193312_ParagMilkFoodsLtdOutcomeofBoardMeetingHeldon18July2022.pdf"
"PARAGMILK","Parag Milk Foods Limited","Spurt in Volume","PARAGMILK : Significant increase in volume has been observed in Parag Milk Foods Limited. The Exchange, in order to ensure that investors have latest relevant information about the company and to inform the market place so that the interest of the investors is safeguarded, had written to the company. Parag Milk Foods Limited has submitted their response.","13-Jul-2022 19:24:42","2022-07-13 19:24:42","13-Jul-2022 19:24:46","00:00:04","https://nsearchives.nseindia.com/corporate/PARAGMILK_13072022192442_ParagMilkFoodsLtdClarification.pdf"
"PARAGMILK","Parag Milk Foods Limited","Spurt in Volume","PARAGMILK : Significant increase in volume has been observed in Parag Milk Foods Limited. The Exchange, in order to ensure that investors have latest relevant information about the company and to inform the market place so that the interest of the investors is safeguarded, has written to the company. The response from the company is awaited.","13-Jul-2022 17:24:24","2022-07-13 17:24:24","13-Jul-2022 17:24:27","00:00:03","-"
"PARAGMILK","Parag Milk Foods Limited","General updates","Parag Milk Foods Limited has informed the Exchange about  Certificate Pursuant to Reg74(5) of SEBI (DP) Regulations, 2018 for Quarter Ended June 30, 2022","12-Jul-2022 18:35:21","2022-07-12 18:35:21","12-Jul-2022 18:35:24","00:00:03","https://nsearchives.nseindia.com/corporate/PARAGMILK_12072022183521_ParagMilkFoodsLtdCertificateUnderReg745ofSEBIDPRegs2018.pdf"
"PARAGMILK","Parag Milk Foods Limited","Reply to Clarification Sought- Financial Results","PARAGMILK : The Exchange had sought clarification from Parag Milk Foods Limited for the quarter ended 31-Mar-2022 with respect to Regulation 33 of the SEBI (Listing Obligations and Disclosure Requirements) Regulations, 2015. On basis of above the Company was required to clarify the following:   -1. Segment details not submitted The response of the Company is enclosed.","04-Jul-2022 10:30:03","2022-07-04 10:30:03","04-Jul-2022 10:30:15","00:00:12","https://nsearchives.nseindia.com/corporate/PARAGMILK_04072022103003_ParagMilkFoodsClarificationonQuickResultsonAuditedResultsofFY2022.pdf"
"PARAGMILK","Parag Milk Foods Limited","Clarification- Financial Results","PARAGMILK : The Exchange has sought clarification from Parag Milk Foods Limited for the quarter ended 31-Mar-2022 with respect to Regulation 33 of the SEBI (Listing Obligations and Disclosure Requirements) Regulations, 2015. On basis of above the Company is required to clarify the following:  -1. Segment details not submitted The response of the Company is awaited.","01-Jul-2022 09:55:45","2022-07-01 09:55:45","01-Jul-2022 09:55:50","00:00:05","-"
"PARAGMILK","Parag Milk Foods Limited","General updates","Parag Milk Foods Limited has informed the Exchange about Parag Milk Foods Limited -Chairman's Message to the  Shareholders","30-Jun-2022 18:53:18","2022-06-30 18:53:18","30-Jun-2022 18:53:20","00:00:02","https://nsearchives.nseindia.com/corporate/PARAGMILK_30062022185318_ParagMilkFoodsLtdMessageofChairmantotheShareholders.pdf"
"PARAGMILK","Parag Milk Foods Limited","Outcome of Board Meeting","Parag Milk Foods Limited  has informed the Exchange about Board Meeting held on 30-Jun-2022 to consider financial statements for the period ended March 2022 and Other business matters","30-Jun-2022 17:20:57","2022-06-30 17:20:57","30-Jun-2022 17:21:02","00:00:05","https://nsearchives.nseindia.com/corporate/PARAGMILK_30062022172057_ParagMilkFoodsLtdOutcomeofBoardMeetingHeldon30June2022.pdf"
"PARAGMILK","Parag Milk Foods Limited","Financial Result Updates","Parag Milk Foods Limited has submitted to the Exchange, the financial results for the period ended March 31, 2022.","30-Jun-2022 17:01:52","2022-06-30 17:01:52","30-Jun-2022 17:01:58","00:00:06","https://nsearchives.nseindia.com/corporate/ParagMilkFoodsLtdAuditedFinanciaResultsforFY31Mar2022_30062022170152.pdf"
"PARAGMILK","Parag Milk Foods Limited","Closure of trading window","Parag Milk Foods Limited has informed the Exchange about Closure of trading window","28-Jun-2022 16:03:57","2022-06-28 16:03:57","28-Jun-2022 16:03:59","00:00:02","https://nsearchives.nseindia.com/corporate/PARAGMILK_28062022160357_ParagMilkFoodsLtdIntimationofClosureofTradingWindow.pdf"
"PARAGMILK","Parag Milk Foods Limited","Disclosure of other UPSI/material event","Parag Milk Foods Limited Disclosure of Reasons for Delay in Submission of Financial Results (Both Standalone and Consolidated) for the Quarter and the Financial Year Ended March 31, 2022 under Regulation 33 of The SEBI (LODR) Regulations, 2015 .","26-May-2022 19:59:12","2022-05-26 19:59:12","26-May-2022 19:59:14","00:00:02","https://nsearchives.nseindia.com/corporate/PARAGMILK_26052022195912_ParagMilkFoodsLtdDisclosureUnderReg33ofSEBILODRRegns,2015.pdf"
"PARAGMILK","Parag Milk Foods Limited","General updates","Parag Milk Foods Limited has informed the Exchange about Certificate under  Regulation 74(5) of the SEBI (Depositories and Participants ) Regulations, 2018 for the Quarter ended March  31, 2022","12-Apr-2022 16:17:45","2022-04-12 16:17:45","12-Apr-2022 16:17:49","00:00:04","https://nsearchives.nseindia.com/corporate/PARAGMILK_12042022161743_ParagMilkFoodsLtdCertificateUnderReg745ofSEBIDPRegs2018forQTREndedMarch2022.pdf"
"PARAGMILK","Parag Milk Foods Limited","Disclosure under SEBI Takeover Regulations","Promoter/Promoter Group of Parag Milk Foods Limited has submitted a disclosure under Regulation 31(4) of SEBI Takeover Regulations for the year ended 31-Mar-2022","06-Apr-2022 13:13:54","2022-04-06 13:13:54","06-Apr-2022 13:13:58","00:00:04","https://nsearchives.nseindia.com/corporate/AN_O06042022131354.xlsx"
"PARAGMILK","Parag Milk Foods Limited","Schedule of Analysts/Institutional Investor Meet/Con. Call","Parag Milk Foods Limited has informed the Exchange about Schedule of Analysts/Institutional Investor Meet/Con. Call ","05-Apr-2022 17:32:08","2022-04-05 17:32:08","05-Apr-2022 17:32:12","00:00:04","https://nsearchives.nseindia.com/corporate/PARAGMILK_05042022173205_ParagMilkFoodsLtdIntimationPursuanttoReg30ofSEBILODRReg2015.pdf"
"PARAGMILK","Parag Milk Foods Limited","Closure of trading window","Parag Milk Foods Limited has informed the Exchange about Closure of trading window","28-Mar-2022 12:02:35","2022-03-28 12:02:35","28-Mar-2022 12:02:41","00:00:06","https://nsearchives.nseindia.com/corporate/PARAGMILK_28032022120219_ParagMilkFoodsLtdIntimationofClosureofTradingWindow.pdf"
"PARAGMILK","Parag Milk Foods Limited","Schedule of Analysts/Institutional Investor Meet/Con. Call","Parag Milk Foods Limited has informed the Exchange about Schedule of Analysts/Institutional Investor Meet/Con. Call ","22-Mar-2022 11:29:12","2022-03-22 11:29:12","22-Mar-2022 11:29:20","00:00:08","https://nsearchives.nseindia.com/corporate/PARAGMILK_22032022112909_ParagMilkFoodsLtdIntimationofInvestorsMancharPlantVisit.pdf"
"PARAGMILK","Parag Milk Foods Limited","Analysts/Institutional Investor Meet/Con. Call Updates","Parag Milk Foods Limited has informed the Exchange about Schedule of meet","08-Feb-2022 17:06:46","2022-02-08 17:06:46","08-Feb-2022 17:06:52","00:00:06","https://nsearchives.nseindia.com/corporate/PARAGMILK_08022022170646_ParagMilkFoodsLtdIntimationofInvestorMeetHeldinFebruary2022.pdf"
"PARAGMILK","Parag Milk Foods Limited","Investor Presentation","Parag Milk Foods Limited has informed the Exchange about Investor Presentation","07-Feb-2022 09:19:58","2022-02-07 09:19:58","07-Feb-2022 12:05:28","02:45:30","https://nsearchives.nseindia.com/corporate/PARAGMILK_07022022091956_PARAG.pdf"
"PARAGMILK","Parag Milk Foods Limited","Outcome of Board Meeting","Parag Milk Foods Limited has informed the Exchange regarding  Board meeting held on February 05, 2022.","05-Feb-2022 19:56:47","2022-02-05 19:56:47","05-Feb-2022 19:56:51","00:00:04","https://nsearchives.nseindia.com/corporate/PARAGMILK_05022022195647_ParagMilkFoodsLtdOutcomeofBoardMeetingHeldon5thFebruary2022.pdf"
"PARAGMILK","Parag Milk Foods Limited","Financial Result Updates","Parag Milk Foods Limited has submitted to the Exchange, the financial results for the period ended December 31, 2021.","05-Feb-2022 19:54:29","2022-02-05 19:54:29","05-Feb-2022 19:56:01","00:01:32","https://nsearchives.nseindia.com/corporate/ParagMilkFoodsLtdUnauditedFinanciaResultsforQtrEnded31December2021_05022022195429.pdf"
"PARAGMILK","Parag Milk Foods Limited","Certificate under SEBI (Depositories and Participants) Regulations, 2018","Parag Milk Foods Limited has informed the Exchange about Certificate under SEBI (Depositories and Participants) Regulations, 2018","11-Jan-2022 15:41:12","2022-01-11 15:41:12","11-Jan-2022 15:41:21","00:00:09","https://nsearchives.nseindia.com/corporate/PARAGMILK_11012022154112_ParagMilkFoodsCertifcateUnderReg74_5_ofSEBI_DP_Reg2018.pdf"
"PARAGMILK","Parag Milk Foods Limited","Resignation","Parag Milk Foods Limited has informed the Exchange regarding Resignation of Mr Shashikant Dalmia as Chief Financial Officer of the company w.e.f. December 30, 2021.","31-Dec-2021 19:17:36","2021-12-31 19:17:36","31-Dec-2021 19:17:41","00:00:05","https://nsearchives.nseindia.com/corporate/PARAGMILK_31122021191736_ParagMilkFoodsLtdIntimationPursuanttoReg30ofSEBI_LODR_Reg2015.pdf"
"PARAGMILK","Parag Milk Foods Limited","Trading Window","Parag Milk Foods Limited has informed the Exchange regarding the Trading Window closure pursuant to SEBI (Prohibition of Insider Trading) Regulations, 2015","23-Dec-2021 21:00:23","2021-12-23 21:00:23","23-Dec-2021 21:00:29","00:00:06","https://nsearchives.nseindia.com/corporate/PARAGMILK_23122021210023_ParagMilkFoodsLtdIntimationofTradingWindowClosure.pdf"
"PARAGMILK","Parag Milk Foods Limited","Press Release","Parag Milk Foods Limited has informed the Exchange regarding a press release dated December 14, 2021, titled ""Parag Milk Foods Limited Announces  -Gowardhan Ghee launches a New Winter Campaign -  Thand Padi  "".","14-Dec-2021 12:34:27","2021-12-14 12:34:27","14-Dec-2021 12:34:32","00:00:05","https://nsearchives.nseindia.com/corporate/PARAGMILK_14122021123427_ParagMilkFoodsLtdPressReleaseDated14December2021.pdf"
"PARAGMILK","Parag Milk Foods Limited","Press Release","Parag Milk Foods Limited has informed the Exchange regarding a press release dated December 06, 2021, titled ""Parag Milk Foods Limited  Announces   Approval of application under the Product Linked Incentive (PLI) Scheme   Category 1 Mozzarella Cheese Segment"".","06-Dec-2021 11:06:09","2021-12-06 11:06:09","06-Dec-2021 11:06:18","00:00:09","https://nsearchives.nseindia.com/corporate/PARAGMILK_06122021110609_ParagMilkFoodsLtdPressReleaseDated6thDecember2021.pdf"
"PARAGMILK","Parag Milk Foods Limited","Updates","Parag Milk Foods Limited has informed the Exchange regarding 'Parag Milk Foods Limited Parag Milk Foods Limited Disclosure Pursuant to  Regulation 30 of SEBI (Listing Obligations & Disclosure Requirements) Regulations, 2015 .'.","01-Dec-2021 16:03:50","2021-12-01 16:03:50","01-Dec-2021 16:03:54","00:00:04","https://nsearchives.nseindia.com/corporate/PARAGMILK_01122021160350_ParagMilkFoodsLtdDisclosureUnderReg30ofSEBI_LODR_Regulations2015.pdf"
"PARAGMILK","Parag Milk Foods Limited","Analysts/Institutional Investor Meet/Con. Call Updates","Parag Milk Foods Limited has informed the Exchange about Schedule of meet","18-Nov-2021 21:03:38","2021-11-18 21:03:38","18-Nov-2021 21:03:43","00:00:05","https://nsearchives.nseindia.com/corporate/PARAGMILK_18112021210338_ParagMilkFoodsLtdIntimationofInvestorMeetHeldon18November2021.pdf"
"PARAGMILK","Parag Milk Foods Limited","Investor Presentation","Parag Milk Foods Limited has informed the Exchange about Investor Presentation","02-Nov-2021 16:32:42","2021-11-02 16:32:42","02-Nov-2021 16:32:46","00:00:04","https://nsearchives.nseindia.com/corporate/PARAGMILK_02112021163242_ParagMilkFoodsInvestorPresentation2ndNovember2021.pdf"
"PARAGMILK","Parag Milk Foods Limited","Press Release","Parag Milk Foods Limited has informed the Exchange regarding a press release dated November 02, 2021, titled ""Parag Milk Foods Limited Regarding the Un-Audited Financial Results of the Company for the quarter and half year ended September 30, 2021"".","02-Nov-2021 10:12:42","2021-11-02 10:12:42","02-Nov-2021 10:12:48","00:00:06","https://nsearchives.nseindia.com/corporate/PARAGMILK_02112021101242_ParagMilkFoodsltdPressReleaseDated2November2021.pdf"
"PARAGMILK","Parag Milk Foods Limited","Outcome of Board Meeting","Parag Milk Foods Limited has informed the Exchange regarding  Board meeting held on November 01, 2021.","01-Nov-2021 16:49:54","2021-11-01 16:49:54","01-Nov-2021 16:49:59","00:00:05","https://nsearchives.nseindia.com/corporate/PARAGMILK_01112021164954_ParagMilkFoodsLtdOutcomeofBoardMeetingHeldon1November2021.pdf"
"PARAGMILK","Parag Milk Foods Limited","Financial Result Updates","Parag Milk Foods Limited has submitted to the Exchange, the financial results for the period ended September 30, 2021.","01-Nov-2021 16:36:59","2021-11-01 16:36:59","01-Nov-2021 16:38:05","00:01:06","https://nsearchives.nseindia.com/corporate/ParagMilkFoodsLtdUnauditedFinanciaResultsforQtrEnded30September2021_01112021163659.pdf"
"PARAGMILK","Parag Milk Foods Limited","Certificate under SEBI (Depositories and Participants) Regulations, 2018","Parag Milk Foods Limited has informed the Exchange about Certificate under SEBI (Depositories and Participants) Regulations, 2018","13-Oct-2021 22:42:20","2021-10-13 22:42:20","13-Oct-2021 22:42:28","00:00:08","https://nsearchives.nseindia.com/corporate/PARAGMILK_13102021224220_ParagMilkFoodsLtdIntimationunderRe74_5_ofSEBI_DP_Regulations2018.pdf"
"PARAGMILK","Parag Milk Foods Limited","Trading Window","Parag Milk Foods Limited has informed the Exchange regarding the Trading Window closure pursuant to SEBI (Prohibition of Insider Trading) Regulations, 2015","29-Sep-2021 12:29:16","2021-09-29 12:29:16","29-Sep-2021 12:29:19","00:00:03","https://nsearchives.nseindia.com/corporate/PARAGMILK_29092021122916_ParagMilkFoodsLimitedIntimationofTradingWindowfrom1stOctober2021.pdf"
"PARAGMILK","Parag Milk Foods Limited","Shareholders meeting","Parag Milk Foods Limited has submitted the Exchange a copy Srutinizers report of  Annual General Meeting held on September 15, 2021. Further, the company has informed the Exchange regarding voting results.","16-Sep-2021 19:05:25","2021-09-16 19:05:25","16-Sep-2021 19:05:29","00:00:04","https://nsearchives.nseindia.com/corporate/PARAGMILK_16092021190525_ParagMilkFoodsLtdVotingResultsofAGMHeldon15September2021.pdf"
"PARAGMILK","Parag Milk Foods Limited","Shareholders meeting","Parag Milk Foods Limited has informed the Exchange regarding Proceedings of Annual General Meeting held on September 15, 2021","16-Sep-2021 17:57:40","2021-09-16 17:57:40","16-Sep-2021 17:57:46","00:00:06","https://nsearchives.nseindia.com/corporate/PARAGMILK_16092021175740_ParagMilkFoodsLtdProceedingsofAnnualGeneralMeetingHeldon15September21.pdf"
"PARAGMILK","Parag Milk Foods Limited","Record Date","Parag Milk Foods Limited has informed the Exchange that Record date for the purpose of Dividend  is 08-Sep-2021.","25-Aug-2021 13:34:48","2021-08-25 13:34:48","25-Aug-2021 13:34:54","00:00:06","https://nsearchives.nseindia.com/corporate/PARAGMILK_25082021133448_ParagMilkFoodsLtdIntimationofRecordDateUnderReg42ofSEBI_LODR_2015.pdf"
"PARAGMILK","Parag Milk Foods Limited","Updates","Parag Milk Foods Limited has informed the Exchange regarding 'Parag Milk Foods Limtied Intimation of Record Date Pursuant to Reg.42 of SEBI (LODR) Regulations,2015'.","25-Aug-2021 12:06:11","2021-08-25 12:06:11","25-Aug-2021 12:06:17","00:00:06","https://nsearchives.nseindia.com/corporate/PARAGMILK_25082021120611_ParagMilkFoodsLtdIntimationofRecordDateUnderReg42ofSEBI_LODR_2015.pdf"
"PARAGMILK","Parag Milk Foods Limited","Copy of Newspaper Publication","Parag Milk Foods Limited has informed the Exchange about Copy of Newspaper Publication","25-Aug-2021 11:55:22","2021-08-25 11:55:22","25-Aug-2021 11:55:27","00:00:05","https://nsearchives.nseindia.com/corporate/PARAGMILK_25082021115522_ParagMilkFoodsLtdIntimationofNewspaperAdvtfor29thAGMNotice.pdf"
"PARAGMILK","Parag Milk Foods Limited","Shareholders meeting","Parag Milk Foods Limited has informed the Exchange regarding Notice of Annual General Meeting to be held on September 15, 2021","24-Aug-2021 23:19:32","2021-08-24 23:19:32","25-Aug-2021 00:11:04","00:51:32","https://nsearchives.nseindia.com/corporate/PARAGMILK_24082021231932_ParagMilkFoodsLtdINoticeof29thAGMandAnnualReportforFy2021.pdf"
"PARAGMILK","Parag Milk Foods Limited","Appointment","Parag Milk Foods Limited has informed the Exchange regarding Appointment of Mr Nikhil Vora as Non- Executive Director of the company w.e.f. August 20, 2021.","20-Aug-2021 11:18:03","2021-08-20 11:18:03","20-Aug-2021 11:18:12","00:00:09","https://nsearchives.nseindia.com/corporate/PARAGMILK_20082021111803_ParagMilkFoodsLimitedIntimationUnderReg30ofSEBI_LODR_2015.pdf"
"PARAGMILK","Parag Milk Foods Limited","Financial Results Updates","Parag Milk Foods Ltd Unaudited Financial Results for Qtr Ended ed 30 June 2021 in Readable Format","04-Aug-2021 14:01:37","2021-08-04 14:01:37","04-Aug-2021 14:01:45","00:00:08","https://nsearchives.nseindia.com/corporate/PARAGMILK_04082021140137_ParagMilkFoodsLtdReadableFormatFinanciaResultsforQtrEnded30June2021.pdf"
"PARAGMILK","Parag Milk Foods Limited","Investor Presentation","Parag Milk Foods Limited has informed the Exchange about Investor Presentation","29-Jul-2021 19:40:29","2021-07-29 19:40:29","29-Jul-2021 19:40:35","00:00:06","https://nsearchives.nseindia.com/corporate/PARAGMILK_29072021194029_ParagMilkFoodsLtdInvestorPresentationQ1FY22.pdf"
"PARAGMILK","Parag Milk Foods Limited","Outcome of Board Meeting","Parag Milk Foods Limited has informed the Exchange regarding  Board meeting held on July 29, 2021.","29-Jul-2021 19:18:27","2021-07-29 19:18:27","29-Jul-2021 19:18:31","00:00:04","https://nsearchives.nseindia.com/corporate/PARAGMILK_29072021191827_ParagMilkFoodsLtdOutcomeofBoardMeetingHeldon29July2021.pdf"
"PARAGMILK","Parag Milk Foods Limited","Financial Result Updates","Parag Milk Foods Limited has submitted to the Exchange, the financial results for the period ended June 30, 2021.","29-Jul-2021 19:15:38","2021-07-29 19:15:38","29-Jul-2021 19:17:02","00:01:24","https://nsearchives.nseindia.com/corporate/ParagMilkFoodsLtdUnauditedFinanciaResultsforQuarterEnded30June2021_29072021191538.pdf"
"PARAGMILK","Parag Milk Foods Limited","Credit Rating","Parag Milk Foods Limited has informed the Exchange about Credit Rating","12-Jul-2021 11:51:25","2021-07-12 11:51:25","12-Jul-2021 11:51:31","00:00:06","https://nsearchives.nseindia.com/corporate/PARAGMILK_12072021115123_ParagMilkFoodsLtdRevisioninCreditRatingsofBankFacilities.pdf"
"PARAGMILK","Parag Milk Foods Limited","Credit Rating","Parag Milk Foods Limited has informed the Exchange about Credit Rating","12-Jul-2021 11:51:23","2021-07-12 11:51:23","12-Jul-2021 11:51:29","00:00:06","https://nsearchives.nseindia.com/corporate/PARAGMILK_12072021115123_ParagMilkFoodsLtdCreditRatingforNCD.pdf"
"PARAGMILK","Parag Milk Foods Limited","Related Party Transactions","Parag Milk Foods Limited has informed the Exchange about related Party Transactions","11-Jul-2021 18:59:01","2021-07-11 18:59:01","11-Jul-2021 18:59:06","00:00:05","https://nsearchives.nseindia.com/corporate/PARAGMILK_11072021185901_ParagMilkFoodsLtdDisclosureofRelatedPartyTransactions.pdf"
"PARAGMILK","Parag Milk Foods Limited","Press Release","Parag Milk Foods Limited has informed the Exchange regarding a press release dated Jun 29, 2021, titled ""Parag Milk Foods Announces launch of  Fat-free Milk . under the Brand Pride of Cows ."".","29-Jun-2021 11:59:38","2021-06-29 11:59:38","29-Jun-2021 11:59:45","00:00:07","https://nsearchives.nseindia.com/corporate/PARAGMILK_29062021115938_ParagMilkFoodsLtdPressReleaseDated29June2021.pdf"
"PARAGMILK","Parag Milk Foods Limited","Trading Window","Parag Milk Foods Limited has informed the Exchange regarding the Trading Window closure pursuant to SEBI (Prohibition of Insider Trading) Regulations, 2015","29-Jun-2021 11:28:57","2021-06-29 11:28:57","29-Jun-2021 11:29:07","00:00:10","https://nsearchives.nseindia.com/corporate/PARAGMILK_29062021112857_PargMilkFoodsLtdIntimationofClosureofTradingWindow.pdf"
"PARAGMILK","Parag Milk Foods Limited","Financial Results Updates","Parag Milk Foods Limited  Audited Financial  Results for Financial Year Ended March 31, 2021","25-Jun-2021 14:41:26","2021-06-25 14:41:26","25-Jun-2021 14:41:32","00:00:06","https://nsearchives.nseindia.com/corporate/PARAGMILK_25062021144125_ParagMilkFoodsAuditedFinanciaResultsforFY31March2021ReadableFormat.pdf"
"PARAGMILK","Parag Milk Foods Limited","Investor Presentation","Parag Milk Foods Limited has informed the Exchange about Investor Presentation","14-Jun-2021 12:45:32","2021-06-14 12:45:32","14-Jun-2021 12:45:37","00:00:05","https://nsearchives.nseindia.com/corporate/PARAGMILK_14062021124532_ParagMilkFoodsLtdQ4FY21InvestorPresentation.pdf"
"PARAGMILK","Parag Milk Foods Limited","Dividend","Parag Milk Foods Limited has informed the Exchange that Board of Directors at its meeting held on Jun 12, 2021, recommended Final Dividend of 0.50 per equity share.","12-Jun-2021 16:53:14","2021-06-12 16:53:14","12-Jun-2021 16:53:20","00:00:06","https://nsearchives.nseindia.com/corporate/PARAGMILK_12062021165314_ParagMilkFoodsLtdOutcomeofBoardMeetingHeldon12June2021.pdf"
"PARAGMILK","Parag Milk Foods Limited","Financial Result Updates","Parag Milk Foods Limited has submitted to the Exchange, the financial results for the period ended March 31, 2021.","12-Jun-2021 16:48:44","2021-06-12 16:48:44","12-Jun-2021 16:50:02","00:01:18","https://nsearchives.nseindia.com/corporate/ParagMilkFoodsLtdAuditedFinanciaResultsforYearEnded31March2021_12062021164844.pdf"
"PARAGMILK","Parag Milk Foods Limited","Committee Meeting Updates","Parag Milk Foods Limited has informed the Exchange regarding Outcome of Committee Meeting held on May 28, 2021.","28-May-2021 15:16:22","2021-05-28 15:16:22","28-May-2021 15:16:30","00:00:08","https://nsearchives.nseindia.com/corporate/PARAGMILK_28052021151622_ParagMilkFoodsLtdDisclosurePursuanttoReg30ofSEBI_LODR_Reg2015.pdf"
"PARAGMILK","Parag Milk Foods Limited","Committee Meeting Updates","Parag Milk Foods Limited has informed the Exchange regarding Outcome of Committee Meeting held on May 18, 2021.","18-May-2021 18:35:06","2021-05-18 18:35:06","18-May-2021 18:35:18","00:00:12","https://nsearchives.nseindia.com/corporate/PARAGMILK_18052021183506_ParagMilkFoodsIntimationUnderReg30ofSEBI_LODR_Reg2015.pdf"
"PARAGMILK","Parag Milk Foods Limited","Allotment of Securities","Parag Milk Foods Limited has informed the Exchange regarding allotment of 11261259 securities pursuant to Preferential Issue at its meeting held on May 10, 2021","11-May-2021 00:44:32","2021-05-11 00:44:32","11-May-2021 00:44:50","00:00:18","https://nsearchives.nseindia.com/corporate/PARAGMILK_11052021004430_ParagMilkFoodsLtdIIntimationofAllotmentofSecurities.pdf"
"PARAGMILK","Parag Milk Foods Limited","Allotment of Securities","Parag Milk Foods Limited has informed the Exchange regarding allotment of 10000000 securities pursuant to Preferential Issue at its meeting held on May 10, 2021","11-May-2021 00:44:30","2021-05-11 00:44:30","11-May-2021 00:44:41","00:00:11","https://nsearchives.nseindia.com/corporate/PARAGMILK_11052021004430_ParagMilkFoodsLtdIIntimationofAllotmentofSecurities.pdf"
"PARAGMILK","Parag Milk Foods Limited","Allotment of Securities","Parag Milk Foods Limited has informed the Exchange regarding allotment of 11261259 securities pursuant to Preferential Issue at its meeting held on May 10, 2021","10-May-2021 18:01:31","2021-05-10 18:01:31","10-May-2021 18:01:49","00:00:18","https://nsearchives.nseindia.com/corporate/PARAGMILK_10052021180127_ParagMilkFoodsLtdIOutcomeforAllotmentofSecurities.pdf"
"PARAGMILK","Parag Milk Foods Limited","Allotment of Securities","Parag Milk Foods Limited has informed the Exchange regarding allotment of 1000000000 securities pursuant to Preferential Issue at its meeting held on May 10, 2021","10-May-2021 18:01:27","2021-05-10 18:01:27","10-May-2021 18:01:41","00:00:14","https://nsearchives.nseindia.com/corporate/PARAGMILK_10052021180127_ParagMilkFoodsLtdIOutcomeforAllotmentofSecurities.pdf"
"PARAGMILK","Parag Milk Foods Limited","Updates","Parag Milk Foods Limited has informed the Exchange regarding 'Parag Milk Foods Limited Intimation Pursuant to  Reg 30 of SEBI(LODR) Regulations, 2015'.","09-May-2021 23:22:30","2021-05-09 23:22:30","09-May-2021 23:22:35","00:00:05","https://nsearchives.nseindia.com/corporate/PARAGMILK_09052021232230_ParagMilkFoodsLimitedIntimationUnderReg30ofSEBI_LODR_Reg2015.pdf"
"PARAGMILK","Parag Milk Foods Limited","Analysts/Institutional Investor Meet/Con. Call Updates","Parag Milk Foods Limited has informed the Exchange about Analysts/Institutional Investor Meet/Con. Call Updates","07-May-2021 19:15:56","2021-05-07 19:15:56","07-May-2021 19:16:05","00:00:09","https://nsearchives.nseindia.com/corporate/PARAGMILK_07052021191556_ParagMilkFoodLtdIntimationofInvestorMeeton7May2021.pdf"
"PARAGMILK","Parag Milk Foods Limited","Updates","Parag Milk Foods Limited has informed the Exchange regarding 'Parag MilkFoods Limited Intimation  Pursuant to Reg 30 of SEBI(LODR) Regulations, 2015'.","06-May-2021 12:16:33","2021-05-06 12:16:33","06-May-2021 12:16:45","00:00:12","https://nsearchives.nseindia.com/corporate/PARAGMILK_06052021121633_ParagMilkFoodsLtdIntimationUnderReg30ofSEBI_LODR_Reg2015.pdf"
"PARAGMILK","Parag Milk Foods Limited","Updates","Parag Milk Foods Limited has informed the Exchange regarding 'Parag Milk  Foods Limited Intimation Pursuant to Regulation 30 of SEBI (LODR) Regulations, 2015'.","04-May-2021 19:17:57","2021-05-04 19:17:57","04-May-2021 19:18:10","00:00:13","https://nsearchives.nseindia.com/corporate/PARAGMILK_04052021191757_ParagMilkFoodsLtdIntimationPursuanttoReg30ofSEBI_LODR_Reg2015.pdf"
"PARAGMILK","Parag Milk Foods Limited","Outcome of Board Meeting","Parag Milk Foods Limited has informed the Exchange regarding  Board meeting held on April 30, 2021.","30-Apr-2021 18:06:34","2021-04-30 18:06:34","30-Apr-2021 18:06:39","00:00:05","https://nsearchives.nseindia.com/corporate/PARAGMILK_30042021180634_ParagMilkFoodsLtdOutcomeofBoardMeetingHeldon30April2021.pdf"
"PARAGMILK","Parag Milk Foods Limited","Shareholders meeting","Parag Milk Foods Limited has submitted the Exchange a copy Srutinizers report of  Extraordinary General Meeting held on April 26, 2021. Further, the company has informed the Exchange regarding voting results.","28-Apr-2021 10:55:23","2021-04-28 10:55:23","28-Apr-2021 10:55:33","00:00:10","https://nsearchives.nseindia.com/corporate/PARAGMILK_28042021105523_ParagMilkFoodsLtdEGMVotingResultAlongwithScrutinizerReport.pdf"
"PARAGMILK","Parag Milk Foods Limited","Shareholders meeting","Parag Milk Foods Limited has informed the Exchange regarding Proceedings of Extraordinary General Meeting held on April 26, 2021","28-Apr-2021 10:53:44","2021-04-28 10:53:44","28-Apr-2021 10:53:50","00:00:06","https://nsearchives.nseindia.com/corporate/PARAGMILK_28042021105344_ParagMilkFoodsLtdProceedingsofEGMHeldon26April2021.pdf"
"PARAGMILK","Parag Milk Foods Limited","Annual Disclosure","Parag Milk Foods Limited has submitted to the Exchange Annual Disclosure as per SEBI Circular dated November 26, 2018.","18-Apr-2021 09:04:29","2021-04-18 09:04:29","18-Apr-2021 21:13:35","12:09:06","https://nsearchives.nseindia.com/corporate/PARAGMILK_18042021211225_ParagMilkFoodsLtdIntimationofnotfallingunderLargeCorporateCriteriaUnderSEBICircular_002.pdf"
"PARAGMILK","Parag Milk Foods Limited","Disclosure under SEBI Takeover Regulations","Promoter/Member of the Promoter Group of the Company has informed the Exchange regarding disclosure under Regulation 30 and 31(4) of SEBI SAST Regulations, 2011��as at March 31, 2021.","16-Apr-2021 12:16:01","2021-04-16 12:16:01","16-Apr-2021 12:16:13","00:00:12","https://nsearchives.nseindia.com/corporate/PARAGMILK_16042021121601_PARAG.pdf"
"PARAGMILK","Parag Milk Foods Limited","Certificate under SEBI (Depositories and Participants) Regulations, 2018","Parag Milk Foods Limited has informed the Exchange about Certificate under SEBI (Depositories and Participants) Regulations, 2018","15-Apr-2021 12:24:11","2021-04-15 12:24:11","15-Apr-2021 12:24:18","00:00:07","https://nsearchives.nseindia.com/corporate/PARAGMILK_15042021122411_ParagMilkFoodsLtdCertificateUnderReg74_5ofSEBI_DP_Reg2018.pdf"
"PARAGMILK","Parag Milk Foods Limited","Reply to Clarification Sought","PARAGMILK: The Exchange had sought clarification from Parag Milk Foods Limited with respect to announcement dated 01-Apr-2021, regarding Board meeting held on April 01, 2021. On basis of above the Company was required to clarify following: 1. Proposed no. of equity shares underlying the ADR/GDR or on conversion of FCCBs; 2. Proposed date of allotment, tenure, date of maturity and coupon offered, if any of FCCB�� s; The response of the Company is attached.","13-Apr-2021 20:41:32","2021-04-13 20:41:32","13-Apr-2021 20:41:37","00:00:05","https://nsearchives.nseindia.com/corporate/PARAGMILK_13042021204132_ParagMilkFoodsLimitedClarificationonNSEQuery.pdf"
"PARAGMILK","Parag Milk Foods Limited","Corrigendum","Parag Milk Foods Limited has informed the Exchange regarding Corrigendum to Notice of Extra Ordinary General Meeting to be held on April 26, 2021","12-Apr-2021 18:22:51","2021-04-12 18:22:51","12-Apr-2021 18:22:56","00:00:05","https://nsearchives.nseindia.com/corporate/PARAGMILK_12042021182251_ParagMilkFoodsLtdCorrigendumforEGMNotice.pdf"
"PARAGMILK","Parag Milk Foods Limited","Copy of Newspaper Publication","Parag Milk Foods Limited has informed the Exchange about Copy of Newspaper Publication","12-Apr-2021 12:53:50","2021-04-12 12:53:50","12-Apr-2021 12:53:54","00:00:04","https://nsearchives.nseindia.com/corporate/PARAGMILK_12042021125350_ParagMilkFoodsLtdNewspaperAdvertisementofEGMScheduledon26April2021.pdf"
"PARAGMILK","Parag Milk Foods Limited","Credit Rating","Parag Milk Foods Limited has informed the Exchange about Credit Rating","12-Apr-2021 12:51:34","2021-04-12 12:51:34","12-Apr-2021 12:51:38","00:00:04","https://nsearchives.nseindia.com/corporate/PARAGMILK_12042021125134_ParagMilkFoodsLimitedRevisioninCreditRating.pdf"
"PARAGMILK","Parag Milk Foods Limited","Clarification","PARAGMILK:The Exchange has sought clarification from Parag Milk Foods Limited with respect to announcement dated 01-Apr-2021, regarding Board meeting held on April 01, 2021. On basis of above the Company is required to clarify following: 1. Proposed no. of equity shares underlying the ADR/GDR or on conversion of FCCBs;2. Proposed date of allotment, tenure, date of maturity and coupon offered, if any of FCCB�� s;The response of the Company is awaited.","08-Apr-2021 18:58:50","2021-04-08 18:58:50","08-Apr-2021 18:58:53","00:00:03","-"
"PARAGMILK","Parag Milk Foods Limited","Press Release","Parag Milk Foods Limited has informed the Exchange regarding a press release dated April 05, 2021, titled ""Parag Milk Foods Limited to Raise Rs. 316 crore "".","05-Apr-2021 11:31:27","2021-04-05 11:31:27","05-Apr-2021 11:31:33","00:00:06","https://nsearchives.nseindia.com/corporate/PARAGMILK_05042021113127_ParagMilkFoodsLtdPressReleaseDated5April2021.pdf"
"PARAGMILK","Parag Milk Foods Limited","Shareholders meeting","Parag Milk Foods Limited has informed the Exchange regarding Notice of Extraordinary General Meeting to be held on April 26, 2021","03-Apr-2021 15:36:02","2021-04-03 15:36:02","03-Apr-2021 15:36:07","00:00:05","https://nsearchives.nseindia.com/corporate/PARAGMILK_03042021153602_ParagMilkFoodsLtdNoticeofExtraOrdinaryGeneralMeeting.pdf"
"PARAGMILK","Parag Milk Foods Limited","Outcome of Board Meeting","Parag Milk Foods Limited has informed the Exchange regarding  Board meeting held on April 01, 2021.","01-Apr-2021 18:51:37","2021-04-01 18:51:37","01-Apr-2021 18:51:44","00:00:07","https://nsearchives.nseindia.com/corporate/PARAGMILK_01042021185137_ParagMilkFoodsLtdOutcomeofBoardMeetingHeldon1stApril2021.pdf"
"PARAGMILK","Parag Milk Foods Limited","Trading Window","Parag Milk Foods Limited has informed the Exchange regarding the Trading Window closure pursuant to SEBI (Prohibition of Insider Trading) Regulations, 2015","31-Mar-2021 18:19:07","2021-03-31 18:19:07","31-Mar-2021 18:19:11","00:00:04","https://nsearchives.nseindia.com/corporate/PARAGMILK_31032021181907_ParagMilkFoodsLtdIntimationofClosureofTradingWindowforQtrEnded31March21.pdf"
"PARAGMILK","Parag Milk Foods Limited","Investor Presentation","Parag Milk Foods Limited has informed the Exchange about Investor Presentation","05-Feb-2021 14:13:36","2021-02-05 14:13:36","05-Feb-2021 14:13:43","00:00:07","https://nsearchives.nseindia.com/corporate/PARAGMILK_05022021141336_ParagMilkFoodsInvestorPresentationQ3FY21.pdf"
"PARAGMILK","Parag Milk Foods Limited","Outcome of Board Meeting","Parag Milk Foods Limited has informed the Exchange regarding  Board meeting held on February 05, 2021.","05-Feb-2021 13:38:46","2021-02-05 13:38:46","05-Feb-2021 13:38:50","00:00:04","https://nsearchives.nseindia.com/corporate/PARAGMILK_05022021133846_ParagMilkFoodsLimitedOutcomeOfBoardMeetingHeldon5February2021.pdf"
"PARAGMILK","Parag Milk Foods Limited","Financial Result Updates","Parag Milk Foods Limited has submitted to the Exchange, the financial results for the period ended December 31, 2020.","05-Feb-2021 13:33:54","2021-02-05 13:33:54","05-Feb-2021 13:35:03","00:01:09","https://nsearchives.nseindia.com/corporate/ParagMilkFoodsLtdUnauditedFinanciaResultsforQtrEnded31December2020_05022021133354.zip"
"PARAGMILK","Parag Milk Foods Limited","Certificate under SEBI (Depositories and Participants) Regulations, 2018","Parag Milk Foods Limited has informed the Exchange about Certificate under SEBI (Depositories and Participants) Regulations, 2018","30-Jan-2021 15:04:05","2021-01-30 15:04:05","30-Jan-2021 15:04:12","00:00:07","https://nsearchives.nseindia.com/corporate/PARAGMILK_30012021150405_ParagMilkFoodsLtdCertificateUnderReg74_5_ofSEBI_DP_Reg2018.pdf"
"PARAGMILK","Parag Milk Foods Limited","Trading Window","Parag Milk Foods Limited has informed the Exchange regarding the Trading Window closure pursuant to SEBI (Prohibition of Insider Trading) Regulations, 2015","04-Jan-2021 12:41:19","2021-01-04 12:41:19","04-Jan-2021 12:41:24","00:00:05","https://nsearchives.nseindia.com/corporate/PARAGMILK_04012021124119_ParagMilkFoodsLtdIntimationofClosureofTradingWIndow.pdf"
"PARAGMILK","Parag Milk Foods Limited","Press Release","Parag Milk Foods Limited has informed the Exchange regarding a press release dated December 23, 2020, titled ""Parag Milk Foods expands its Health & Nutrition business, commissions the Lactose Plant with a capacity of 40 MT/day"".","23-Dec-2020 11:00:38","2020-12-23 11:00:38","23-Dec-2020 11:00:41","00:00:03","https://nsearchives.nseindia.com/corporate/PARAGMILK_23122020110038_ParagMilkFoodsLtdPressReleaseDated23December2020.pdf"
"PARAGMILK","Parag Milk Foods Limited","Related Party Transactions","Parag Milk Foods Limited has informed the Exchange about related Party Transactions","08-Dec-2020 17:18:35","2020-12-08 17:18:35","08-Dec-2020 17:18:39","00:00:04","https://nsearchives.nseindia.com/corporate/PARAGMILK_08122020171835_ParagMilkFoodsLtdRelatedPartyTransactionsPursuanttoReg23_9_ofSEBILODR.pdf"
"PARAGMILK","Parag Milk Foods Limited","Analysts/Institutional Investor Meet/Con. Call Updates","Parag Milk Foods Limited has informed the Exchange about Analysts/Institutional Investor Meet/Con. Call Updates","04-Dec-2020 16:06:08","2020-12-04 16:06:08","04-Dec-2020 16:06:18","00:00:10","https://nsearchives.nseindia.com/corporate/PARAGMILK_04122020160608_ParagMilkFoodsLtdAnalystMeetingsHeldon3rdDecember20.pdf"
"PARAGMILK","Parag Milk Foods Limited","Investor Presentation","Parag Milk Foods Limited has informed the Exchange about Investor Presentation","09-Nov-2020 21:24:41","2020-11-09 21:24:41","09-Nov-2020 21:24:45","00:00:04","https://nsearchives.nseindia.com/corporate/PARAGMILK_09112020212441_ParagMilkFoodsLtdInvestorPresentationQ2FY21.pdf"
"PARAGMILK","Parag Milk Foods Limited","Outcome of Board Meeting","Parag Milk Foods Limited has informed the Exchange regarding  Board meeting held on November 09, 2020.","09-Nov-2020 14:47:56","2020-11-09 14:47:56","09-Nov-2020 14:47:58","00:00:02","https://nsearchives.nseindia.com/corporate/PARAGMILK_09112020144756_ParagMilkFoodsLtdOutcomeofBoardMeetingHeldon9November2020.pdf"
"PARAGMILK","Parag Milk Foods Limited","Financial Result Updates","Parag Milk Foods Limited has submitted to the Exchange, the financial results for the period ended September 30, 2020.","09-Nov-2020 14:46:06","2020-11-09 14:46:06","09-Nov-2020 14:48:06","00:02:00","https://nsearchives.nseindia.com/corporate/ParagMilkFoodsLtdUnauditedFinanciaResultsforQtrSep2020_09112020144606.zip"
"PARAGMILK","Parag Milk Foods Limited","Updates","Parag Milk Foods Limited has informed the Exchange regarding 'Parag Milk Foods Limited Update of Release of Shares by the Promoters '.","09-Nov-2020 14:12:00","2020-11-09 14:12:00","09-Nov-2020 14:12:13","00:00:13","https://nsearchives.nseindia.com/corporate/PARAGMILK_09112020141200_ParagMilkFoodsLimitedUpdateonReleaseofSharesbyPromoters.pdf"
"PARAGMILK","Parag Milk Foods Limited","Press Release","Parag Milk Foods Limited has informed the Exchange regarding a press release dated October 22, 2020, titled ""Parag Milk foods Ltd Kareena Kapoor Khan Association with Pride of Cows "".","22-Oct-2020 11:54:25","2020-10-22 11:54:25","22-Oct-2020 11:54:30","00:00:05","https://nsearchives.nseindia.com/corporate/PARAGMILK_22102020115425_InvestorReleaseKareenaKapoorKhanAssociationwithPrideofCows.pdf"
"PARAGMILK","Parag Milk Foods Limited","Shareholders meeting","Parag Milk Foods Limited has submitted the Exchange a copy Srutinizers report of  Annual General Meeting held on September 29, 2020. Further, the company has informed the Exchange regarding voting results.","01-Oct-2020 17:40:36","2020-10-01 17:40:36","01-Oct-2020 17:40:40","00:00:04","https://nsearchives.nseindia.com/corporate/PARAGMILK_01102020174036_ParagMilkFoodsLtdDisclosureofVotingResultsof28thAnnualGeneralMeeting.pdf"
"PARAGMILK","Parag Milk Foods Limited","Trading Window","Parag Milk Foods Limited has informed the Exchange regarding the Trading Window closure pursuant to SEBI (Prohibition of Insider Trading) Regulations, 2015","01-Oct-2020 00:20:59","2020-10-01 00:20:59","01-Oct-2020 00:21:09","00:00:10","https://nsearchives.nseindia.com/corporate/PARAGMILK_01102020002059_ParagMilkFoodsLtdIntimationofClosureofTradingWindow.pdf"
"PARAGMILK","Parag Milk Foods Limited","Shareholders meeting","Parag Milk Foods Limited has informed the Exchange regarding Proceedings of Annual General Meeting held on September 29, 2020","30-Sep-2020 23:26:23","2020-09-30 23:26:23","30-Sep-2020 23:26:26","00:00:03","https://nsearchives.nseindia.com/corporate/PARAGMILK_30092020232623_ParagMilkFoodsLtdProceedingsof28thAnnualGeneralMeeting.pdf"
"PARAGMILK","Parag Milk Foods Limited","Record Date","Parag Milk Foods Limited has informed the Exchange that Record date for the purpose of DI  is 22-Sep-2020.","14-Sep-2020 13:57:53","2020-09-14 13:57:53","14-Sep-2020 13:57:57","00:00:04","https://nsearchives.nseindia.com/corporate/PARAGMILK_14092020135753_ParagMilkFoodsLimitedIntimationofRecordDate.pdf"
"PARAGMILK","Parag Milk Foods Limited","Updates","Parag Milk Foods Limited has informed the Exchange regarding 'Parag Milk Foods Limited Intimation of Record Date  & Book Closure period  Pursuant to Regulation 42 of the SEBI (LODR ) Regulations 2015'.","09-Sep-2020 19:07:22","2020-09-09 19:07:22","09-Sep-2020 19:07:25","00:00:03","https://nsearchives.nseindia.com/corporate/PARAGMILK_09092020190722_ParagMilkFoodsLimitedIntimationofRecordDate.pdf"
"PARAGMILK","Parag Milk Foods Limited","Copy of Newspaper Publication","Parag Milk Foods Limited has informed the Exchange about Copy of Newspaper Publication","09-Sep-2020 18:59:03","2020-09-09 18:59:03","09-Sep-2020 18:59:07","00:00:04","https://nsearchives.nseindia.com/corporate/PARAGMILK_09092020185903_ParagMilkFoodsLtdCopyofNewspaperPublication.pdf"
"PARAGMILK","Parag Milk Foods Limited","Investor Presentation","Parag Milk Foods Limited has informed the Exchange about Investor Presentation","08-Sep-2020 11:45:38","2020-09-08 11:45:38","08-Sep-2020 11:45:43","00:00:05","https://nsearchives.nseindia.com/corporate/PARAGMILK_08092020114538_ParagMilkFoodsLtdQ1FY21InvestorPresentation.pdf"
"PARAGMILK","Parag Milk Foods Limited","Financial Result Updates","Parag Milk Foods Limited has submitted to the Exchange, the financial results for the period ended June 30, 2020.","07-Sep-2020 15:31:51","2020-09-07 15:31:51","07-Sep-2020 15:33:01","00:01:10","https://nsearchives.nseindia.com/corporate/ParagMilkFoodsLtdUnauditedFinanciaResultsforQtrEnded30June2020_07092020153151.zip"
"PARAGMILK","Parag Milk Foods Limited","Outcome of Board Meeting","Parag Milk Foods Limited has informed the Exchange regarding  Board meeting held on September 07, 2020.","07-Sep-2020 15:29:20","2020-09-07 15:29:20","07-Sep-2020 15:29:24","00:00:04","https://nsearchives.nseindia.com/corporate/PARAGMILK_07092020152920_ParagMilkFoodsLtdOutcomeofBoardMeetingHeldon7September2020.pdf"
"PARAGMILK","Parag Milk Foods Limited","Updates","Parag Milk Foods Limited has informed the Exchange regarding 'Parag Milk Foods Limited Update on Release of shares by the Promoters/Promoter Group'.","02-Sep-2020 09:23:35","2020-09-02 09:23:35","02-Sep-2020 09:23:38","00:00:03","https://nsearchives.nseindia.com/corporate/PARAGMILK_02092020092335_ParagMilkFoodsLtdUpdateofReleaseofSharesbyPromoters.pdf"
"PARAGMILK","Parag Milk Foods Limited","Press Release","Parag Milk Foods Limited has informed the Exchange regarding a press release dated August 31, 2020, titled ""Parag Milk  Foods Limited announces launch of Pride of Cows  Single Origin Ghee  "".","31-Aug-2020 13:15:43","2020-08-31 13:15:43","31-Aug-2020 13:15:53","00:00:10","https://nsearchives.nseindia.com/corporate/PARAGMILK_31082020131542_ParagMilkFoodsLtdPressReleasedated31August2020.pdf"
"PARAGMILK","Parag Milk Foods Limited","Reply to Clarification Sought","PARAGMILK: The Exchange had sought clarification from Parag Milk Foods Limited with respect to announcement dated 24-Aug-2020, regarding Credit Rating. On basis of above the Company was required to clarify the following: 1.Reasons published by rating agency for such downward rating. The response of the Company is attached.","27-Aug-2020 17:20:29","2020-08-27 17:20:29","27-Aug-2020 17:20:33","00:00:04","https://nsearchives.nseindia.com/corporate/PARAGMILK_27082020172029_PARAGMILK.pdf"
"PARAGMILK","Parag Milk Foods Limited","Clarification","PARAGMILK: The Exchange has sought clarification from Parag Milk Foods Limited with respect to announcement dated 24-Aug-2020, regarding Credit Rating. On basis of above the Company is required to clarify the following: 1.Reasons published by rating agency for such downward rating. The response of the Company is awaited.","24-Aug-2020 20:19:09","2020-08-24 20:19:09","24-Aug-2020 20:19:12","00:00:03","-"
"PARAGMILK","Parag Milk Foods Limited","Credit Rating","Parag Milk Foods Limited has informed the Exchange about Credit Rating","24-Aug-2020 13:33:12","2020-08-24 13:33:12","24-Aug-2020 13:33:15","00:00:03","https://nsearchives.nseindia.com/corporate/PARAGMILK_24082020133312_ParagMilkFoodsLtdDisclosureUnderRg30ofSEBI_LODR_2015.pdf"
"PARAGMILK","Parag Milk Foods Limited","Press Release","Parag Milk Foods Limited has informed the Exchange regarding a press release dated August 14, 2020, titled ""Parag Milk Foods Limited Announces  Launch of ""-"" Pride of Cows Curd ""a  new product in its premium category."".","14-Aug-2020 11:38:18","2020-08-14 11:38:18","14-Aug-2020 11:38:24","00:00:06","https://nsearchives.nseindia.com/corporate/PARAGMILK_14082020113818_ParagMilkFoodsLtdPressReleaseDated14Aug2020.pdf"
"PARAGMILK","Parag Milk Foods Limited","Updates","Parag Milk Foods Limited has informed the Exchange regarding 'Parag Milk Foods Limited Update  on  Release of equity shares by the Promoters'.","05-Aug-2020 09:51:34","2020-08-05 09:51:34","05-Aug-2020 09:51:57","00:00:23","https://nsearchives.nseindia.com/corporate/PARAGMILK_05082020095134_ParagMilkFoodsLtdUpdateonReleaseofSharesbyPromoters.pdf"
"PARAGMILK","Parag Milk Foods Limited","Related Party Transactions","Parag Milk Foods Limited has informed the Exchange about related Party Transactions Disclosure under Regulation 23(9) of SEBI (LODR) Regulations, 2015 for Half  Year Ended  March 31, 2020","28-Jul-2020 17:25:00","2020-07-28 17:25:00","-","-","https://nsearchives.nseindia.com/corporate/PARAGMILK_28072020172501_ParagMilkFoodsRelatedPartyTransactionsUnderReg23_9_ofSEBI_LODR_.pdf"
"PARAGMILK","Parag Milk Foods Limited","Updates","Parag Milk Foods Limited has informed the Exchange regarding 'Parag Milk Foods Limited Disclosure received  under Regulation 29(2) of SEBI (Substantial Acquisition of Shares and Takeovers) Regulations, 2011'.","24-Jul-2020 20:19:00","2020-07-24 20:19:00","-","-","https://nsearchives.nseindia.com/corporate/PARAGMILK_24072020201923_ParagMilkFoodsLtdDisclosureunderReg29_2_ofSEBI_SAST_Regulations2011.pdf"
"PARAGMILK","Parag Milk Foods Limited","Investor Presentation","Parag Milk Foods Limited has informed the Exchange about Investor Presentation","30-Jun-2020 19:29:00","2020-06-30 19:29:00","-","-","https://nsearchives.nseindia.com/corporate/PARAGMILK_30062020192951_ParagMilkFoodsLtdQ4FY20InvestorPresentation.pdf"
"PARAGMILK","Parag Milk Foods Limited","Trading Window","Parag Milk Foods Limited has informed the Exchange regarding the Trading Window closure pursuant to SEBI (Prohibition of Insider Trading) Regulations, 2015","30-Jun-2020 11:49:00","2020-06-30 11:49:00","-","-","https://nsearchives.nseindia.com/corporate/PARAGMILK_30062020114935_ParagMilkFoodsLtdIntimationofClosureofTradingWindow.pdf"
"PARAGMILK","Parag Milk Foods Limited","Financial Result Updates","Parag Milk Foods Limited has submitted to the Exchange, the financial results for the period ended March 31, 2020.","29-Jun-2020 19:01:34","2020-06-29 19:01:34","-","-","https://nsearchives.nseindia.com/corporate/ParagMilkFoodsLtdAuditedFinancialResultsforQtrandYearended31March2020_29062020190134.zip"
"PARAGMILK","Parag Milk Foods Limited","Dividend","Parag Milk Foods Limited has informed the Exchange that Board of Directors at its meeting held on Jun 29, 2020, recommended Final Dividend of 0.50 per equity share.","29-Jun-2020 18:16:00","2020-06-29 18:16:00","-","-","https://nsearchives.nseindia.com/corporate/PARAGMILK_29062020181616_ParagMilkFoodsLtdOutcomeofBoardMeetingHeldon29June2020.pdf"
"PARAGMILK","Parag Milk Foods Limited","Updates","Parag Milk Foods Limited has informed the Exchange regarding 'Business Update:-Parag Milk Foods Ltd has seen rise in HORECA sector post unlock 1.0'.","25-Jun-2020 09:41:00","2020-06-25 09:41:00","-","-","https://nsearchives.nseindia.com/corporate/PARAGMILK_25062020094109_ParagMilkFoodsLtdBusinessUpdate.pdf"
"PARAGMILK","Parag Milk Foods Limited","Updates","Parag Milk Foods Limited has informed the Exchange regarding 'Parag Milk Foods Limited Intimation of Non -Applicability of Large Corporate Disclosure .'.","23-Jun-2020 17:27:00","2020-06-23 17:27:00","-","-","https://nsearchives.nseindia.com/corporate/PARAGMILK_23062020172746_ParagMilkFoodsLtdNonApplicabilityofLargeCorporateDisclosure.pdf"
"PARAGMILK","Parag Milk Foods Limited","Updates","Parag Milk Foods Limited has informed the Exchange regarding 'Parag Milk Foods Limited Update on Release of Shares by the Promoters'.","12-Jun-2020 08:17:00","2020-06-12 08:17:00","-","-","https://nsearchives.nseindia.com/corporate/PARAGMILK_12062020081713_ParagMilkFoodsLtdUpdateonReleaseofSharesbyPromoters.pdf"
"PARAGMILK","Parag Milk Foods Limited","Disclosure under SEBI Takeover Regulations","Promoters of Parag Milk Foods Limited has informed the Exchange regarding the disclosure pursuant to the provisions of Regulation 30 & 31(4) of the SEBI (Substantial Acquisition of Shares and Takeovers) Regulations, 2011 as at 31st March, 2020","03-Jun-2020 14:22:00","2020-06-03 14:22:00","-","-","https://nsearchives.nseindia.com/corporate/PARAGMILK_03062020142203_PARAGMILK.pdf"
"PARAGMILK","Parag Milk Foods Limited","Updates","Parag Milk Foods Limited has informed the Exchange regarding 'Parag Milk Foods Ltd Intimation Under Reg 30 of SEBI (LODR) Regulations, 2015'.","29-May-2020 19:40:00","2020-05-29 19:40:00","-","-","https://nsearchives.nseindia.com/corporate/PARAGMILK_29052020194040_ParagMilkFoodsLtdIntimationUnderReg30ofSEBI_LODR_2015.pdf"
"PARAGMILK","Parag Milk Foods Limited","Updates","Parag Milk Foods Limited has informed the Exchange regarding 'Parag Milk Foods Limited Update by Promoters on Release of  Shares '.","23-Apr-2020 09:30:00","2020-04-23 09:30:00","-","-","https://nsearchives.nseindia.com/corporate/PARAGMILK_23042020093005_ParagMilkFoodsLtdUpdateonReleaseofSharesbyPromoters.pdf"
"PARAGMILK","Parag Milk Foods Limited","Updates","Parag Milk Foods Limited has informed the Exchange regarding 'Parag Milk Foods Limited Update By Promoters on Repayment of Loan '.","01-Apr-2020 07:59:00","2020-04-01 07:59:00","-","-","https://nsearchives.nseindia.com/corporate/PARAGMILK_01042020075942_ParagMilkFoodsLtdUpdatebyPromotersonRepaymentofLoan.pdf"
"PARAGMILK","Parag Milk Foods Limited","Trading Window","Parag Milk Foods Limited has informed the Exchange regarding the Trading Window closure pursuant to SEBI (Prohibition of Insider Trading) Regulations, 2015","31-Mar-2020 13:30:00","2020-03-31 13:30:00","-","-","https://nsearchives.nseindia.com/corporate/PARAGMILK_31032020133036_ParagMilkFoodsLtdIntimationforClosureofTradingWindowfrom1stApril2020.pdf"
"PARAGMILK","Parag Milk Foods Limited","Updates","Parag Milk Foods Limited has informed the Exchange regarding 'Parag Milk Foods Limited Update by Promoters on Pledged Shares'.","13-Mar-2020 08:29:00","2020-03-13 08:29:00","-","-","https://nsearchives.nseindia.com/corporate/PARAGMILK_13032020082927_ParagMIlkFoodsLtdUpdatebyPromoters.pdf"
"PARAGMILK","Parag Milk Foods Limited","Updates","Parag Milk Foods Limited has informed the Exchange regarding 'Parag Milk Foods Limited Update by the Promoters on Pledged shares'.","02-Mar-2020 18:56:00","2020-03-02 18:56:00","-","-","https://nsearchives.nseindia.com/corporate/PARAGMILK_02032020185655_ParagMilkFoodsLtdUpdatebyPromotersonPledgedShares.pdf"
"PARAGMILK","Parag Milk Foods Limited","Updates","Parag Milk Foods Limited has informed the Exchange regarding 'Parag Milk Foods Limited Disclosure under Regulation 29(1) and 29(2) ofSEBI (Substantial Acquisition of Shares and Takeovers) Regulations, 2011'.","14-Feb-2020 16:29:00","2020-02-14 16:29:00","-","-","https://nsearchives.nseindia.com/corporate/PARAGMILK_14022020162952_ParagMilkFoodsLtdDisclosureUnderReg29_1_and29_2_ofSEBI_SAST_Reg2011.pdf"
"PARAGMILK","Parag Milk Foods Limited","Updates","Parag Milk Foods Limited has informed the Exchange regarding ' Parag Milk Foods Limited Earnings Call Transcript of Q3FY2020'.","10-Feb-2020 15:21:00","2020-02-10 15:21:00","-","-","https://nsearchives.nseindia.com/corporate/PARAGMILK_10022020152153_ParagMilkFoodsLtdEarningsCallTranscriptQ3FY20.pdf"
"PARAGMILK","Parag Milk Foods Limited","Analysts/Institutional Investor Meet/Con. Call Updates","Parag Milk Foods Limited has informed the Exchange regarding Analysts/Institutional Investor Meet/Con. Call Updates","10-Feb-2020 12:58:00","2020-02-10 12:58:00","-","-","https://nsearchives.nseindia.com/corporate/PARAGMILK_10022020125806_ParagMilkFoodsLtdIntimationofAnalystMeetHeldon8February2020.pdf"
"PARAGMILK","Parag Milk Foods Limited","Investor Presentation","Parag Milk Foods Limited has informed the Exchange regarding Investor Presentation","30-Jan-2020 15:14:00","2020-01-30 15:14:00","-","-","https://nsearchives.nseindia.com/corporate/PARAGMILK_30012020151454_ParagMilkFoodsLtdInvestorPresentationforQ3FY20.pdf"
"PARAGMILK","Parag Milk Foods Limited","Outcome of Board Meeting","Parag Milk Foods Limited has informed the Exchange regarding  Board meeting held on January 30, 2020.","30-Jan-2020 14:27:00","2020-01-30 14:27:00","-","-","https://nsearchives.nseindia.com/corporate/PARAGMILK_30012020142738_ParagMilkFoodsLtdOutcomeofBoardMeetingHeldon30Jan2020.pdf"
"PARAGMILK","Parag Milk Foods Limited","Financial Result Updates","Parag Milk Foods Limited has submitted to the Exchange, the financial results for the period ended December 31, 2019.","30-Jan-2020 14:20:26","2020-01-30 14:20:26","-","-","https://nsearchives.nseindia.com/corporate/ParagMilkFoodsLtdUnauditedFinancialResultsforQtrended31December2019_30012020142026.zip"
"PARAGMILK","Parag Milk Foods Limited","Analysts/Institutional Investor Meet/Con. Call Updates","Parag Milk Foods Limited has informed the Exchange regarding Analysts/Institutional Investor Meet/Con. Call Updates","30-Jan-2020 09:31:00","2020-01-30 09:31:00","-","-","https://nsearchives.nseindia.com/corporate/PARAGMILK_30012020093146_ParagMilkFoodsLtdEarningsCallInviteQ3FY20.pdf"
"PARAGMILK","Parag Milk Foods Limited","Trading Window","Parag Milk Foods Limited has informed the Exchange regarding the Trading Window closure pursuant to SEBI (Prohibition of Insider Trading) Regulations, 2015","27-Dec-2019 14:27:00","2019-12-27 14:27:00","-","-","https://nsearchives.nseindia.com/corporate/PARAGMILK_27122019142704_ParagMilkFoodsLtdIntimationofClosureofTradingWindow_076.pdf"
"PARAGMILK","Parag Milk Foods Limited","Updates","Parag Milk Foods Limited has informed the Exchange regarding 'Parag Milk Foods Limited Intimation of Change in  Name of Registrar & Share Transfer Agent of the Company from Karvy Fintech Private Limited to  KFIN Technologies Private Limited '.","09-Dec-2019 15:21:00","2019-12-09 15:21:00","-","-","https://nsearchives.nseindia.com/corporate/PARAGMILK_09122019152044_ParagMilkFoodsLtdIntimationofChangeinNameofRTA_245.pdf"
"PARAGMILK","Parag Milk Foods Limited","Analysts/Institutional Investor Meet/Con. Call Updates","Parag Milk Foods Limited has informed the Exchange regarding Analysts/Institutional Investor Meet/Con. Call Updates","28-Nov-2019 18:40:00","2019-11-28 18:40:00","-","-","https://nsearchives.nseindia.com/corporate/PARAGMILK_28112019184005_ParagMilkFoodsLtdIntimationofAnalystMeetdated28Nov2019_238.pdf"
"PARAGMILK","Parag Milk Foods Limited","Analysts/Institutional Investor Meet/Con. Call Updates","Parag Milk Foods Limited has informed the Exchange regarding Analysts/Institutional Investor Meet/Con. Call Updates","22-Nov-2019 17:46:00","2019-11-22 17:46:00","-","-","https://nsearchives.nseindia.com/corporate/PARAGMILK_22112019174512_ParagMilkFoodsLtdIntimationofInvestorMeetingHeldon22November2019_221.pdf"
"PARAGMILK","Parag Milk Foods Limited","Analysts/Institutional Investor Meet/Con. Call Updates","Parag Milk Foods Limited has informed the Exchange regarding Analysts/Institutional Investor Meet/Con. Call Updates","21-Nov-2019 09:24:00","2019-11-21 09:24:00","-","-","https://nsearchives.nseindia.com/corporate/PARAGMILK_21112019092312_ParagMilkFoodsLtdIntimationofInvestorMeetingsheldon20November2019_008.pdf"
"PARAGMILK","Parag Milk Foods Limited","Press Release","Parag Milk Foods Limited has informed the Exchange regarding a press release dated November 20, 2019, titled ""PMFL Announces Launch of Go Cheese Blend for our of home consumption market"".","20-Nov-2019 13:43:00","2019-11-20 13:43:00","-","-","https://nsearchives.nseindia.com/corporate/PARAGMILK_20112019134327_PMFLpressreleaseforlaunchofGoCheeseBlend_117.pdf"
"PARAGMILK","Parag Milk Foods Limited","Updates","Parag Milk Foods Limited has informed the Exchange regarding 'Parag Milk Foods Limited Disclosure Pursuant to Regulation 7(2) of SEBI (PIT) Regulations,, 2015'.","18-Nov-2019 08:02:00","2019-11-18 08:02:00","-","-","https://nsearchives.nseindia.com/corporate/PARAGMILK_18112019075128_ParagMilkFoodsLtdDisclosureunderReg7_2_SEBI_PIT_2015_023.pdf"
"PARAGMILK","Parag Milk Foods Limited","Related Party Transactions","Parag Milk Foods Limited has informed the Exchange regarding Disclosure of Related Party Transactions Pursuant to Regulation 23(9) of SEBI (LODR) Regulations, 2015 .","07-Nov-2019 12:29:00","2019-11-07 12:29:00","-","-","https://nsearchives.nseindia.com/corporate/listcontract1_7112019122130_ParagMilkFoodsLtdRelatedPartyTransactionsUnderReg23_9_ofSEBILODR_077.pdf"
"PARAGMILK","Parag Milk Foods Limited","Analysts/Institutional Investor Meet/Con. Call Updates","Parag Milk Foods Limited has informed the Exchange regarding Analysts/Institutional Investor Meet/Con. Call Updates","06-Nov-2019 21:22:00","2019-11-06 21:22:00","-","-","https://nsearchives.nseindia.com/corporate/PARAGMILK_06112019212216_ParagMilkFoodsLtdIntimationofInvestorMeetHeldatMancharPlanton5Nov2019_588.pdf"
"PARAGMILK","Parag Milk Foods Limited","Updates","Parag Milk Foods Limited has informed the Exchange regarding 'Parag Milk Foods Limited Q2FY20 Earnings Call Transcript'.","31-Oct-2019 14:58:00","2019-10-31 14:58:00","-","-","https://nsearchives.nseindia.com/corporate/PARAGMILK_31102019145747_ParagMilkFoodsLtdQ2FY20EarningsCallTranscript_136.pdf"
"PARAGMILK","Parag Milk Foods Limited","Investor Presentation","Parag Milk Foods Limited has informed the Exchange regarding Investor Presentation","24-Oct-2019 14:57:00","2019-10-24 14:57:00","-","-","https://nsearchives.nseindia.com/corporate/PARAGMILK_24102019145651_ParagMilkFoodsLtdInvestorPresentationQ2FY20_153.pdf"
"PARAGMILK","Parag Milk Foods Limited","Financial Result Updates","Parag Milk Foods Limited has submitted to the Exchange, the financial results for the period ended September 30, 2019.","24-Oct-2019 14:46:34","2019-10-24 14:46:34","-","-","https://nsearchives.nseindia.com/corporate/ParagMilkFoodsLtdUnauditedFinancialResultsforQtrended30Sep2019_24102019144634.zip"
"PARAGMILK","Parag Milk Foods Limited","Outcome of Board Meeting","Parag Milk Foods Limited has informed the Exchange regarding  Board meeting held on October 24, 2019.","24-Oct-2019 14:15:00","2019-10-24 14:15:00","-","-","https://nsearchives.nseindia.com/corporate/PARAGMILK_24102019141520_ParagMilkFoodsLtdOutcomeofBoardMeetingHeldon24Oct2019_128.pdf"
"PARAGMILK","Parag Milk Foods Limited","Analysts/Institutional Investor Meet/Con. Call Updates","Parag Milk Foods Limited has informed the Exchange regarding Analysts/Institutional Investor Meet/Con. Call Updates","16-Oct-2019 10:09:00","2019-10-16 10:09:00","-","-","https://nsearchives.nseindia.com/corporate/PARAGMILK_16102019100521_ParagMilkFoodsLtdEarningsCalIInviteQ2FY20_012.pdf"
"PARAGMILK","Parag Milk Foods Limited","Shareholders meeting","Parag Milk Foods Limited has informed the Exchange regarding Proceedings of Annual General Meeting held on September 30, 2019","01-Oct-2019 18:04:00","2019-10-01 18:04:00","-","-","https://nsearchives.nseindia.com/corporate/PARAGMILK_01102019180330_ParagMilkFoodsLtdProceedingsof27thAGMHeldon30Sep19_592.pdf"
"PARAGMILK","Parag Milk Foods Limited","Shareholders meeting","Parag Milk Foods Limited has submitted the Exchange a copy Srutinizers report of  Annual General Meeting held on September 30, 2017. Further, the company has informed the Exchange regarding voting results.","01-Oct-2019 18:00:00","2019-10-01 18:00:00","-","-","https://nsearchives.nseindia.com/corporate/PARAGMILK_01102019175945_ParagMilkFoodsLtdDisclosureofVotingResultsofAGMHeldon30Sep19_586.pdf"
"PARAGMILK","Parag Milk Foods Limited","Updates","Parag Milk Foods Limited has informed the Exchange regarding 'Parag Milk Foods  Limited Chairman's Speech Delivered at 27th Annual General Meeting Held on September 30, 2019'.","01-Oct-2019 11:49:00","2019-10-01 11:49:00","-","-","https://nsearchives.nseindia.com/corporate/PARAGMILK_01102019114858_ParagMilkFoodsLtdChairmanSpeechat27thAGMHeldon30Sep19_100.pdf"
"PARAGMILK","Parag Milk Foods Limited","Trading Window","Parag Milk Foods Limited has informed the Exchange regarding the Trading Window closure pursuant to SEBI (Prohibition of Insider Trading) Regulations, 2015","27-Sep-2019 18:02:00","2019-09-27 18:02:00","-","-","https://nsearchives.nseindia.com/corporate/PARAGMILK_27092019180157_ParagMilkFoodsLtdIntimationofClosureofTradingWindowforQtrending30Sep19_494.pdf"
"PARAGMILK","Parag Milk Foods Limited","Book Closure Updates","The company had informed the Exchange that the Register of Members and the Share Transfer Books will remain closed from September 24, 2019 to September 30, 2019 ( both days inclusive) for the purpose of Annual General Meeting to be held on September 30, 2019.The Company has now inform the exchange that the Register of Members and the Share Transfer Books will remain closed from September 24, 2019 to September 30, 2019 ( both days inclusive) for the purpose of Annual General Meeting to be held on September 30, 2019 and Payment of Dividend","11-Sep-2019 18:29:00","2019-09-11 18:29:00","-","-","https://nsearchives.nseindia.com/corporate/listcontract3_11092019182610_PARAGMILK_AGMBOOK_update_252.pdf"
"PARAGMILK","Parag Milk Foods Limited","Updates","Parag Milk Foods Limited has informed the Exchange regarding ' Parag Milk Foods Limited Intimation of Newspaper Advertisement  given  to Shareholders  regarding the 27th Annual General Meeting  to be  held on September 30, 2019'.","11-Sep-2019 18:02:00","2019-09-11 18:02:00","-","-","https://nsearchives.nseindia.com/corporate/PARAGMILK_11092019180143_ParagMilkFoodsLtdIntimationofNewspaperAdvertisementfor27thAGM_241.pdf"
"PARAGMILK","Parag Milk Foods Limited","Reply to Clarification Sought","PARAGMILK: The Exchange had sought clarification from Parag Milk Foods Limited with respect to announcement dated 03-Jul-2019, regarding Approval of New Employee Stock Option Scheme, 2019 (ESOS, 2019).On basis of above you are required to clarify following -1. Brief details of significant terms;2. Total number of shares covered by these options;3. Pricing formula; 4. Time within which option may be exercised;5. Whether the scheme is in terms of SEBI (SBEB) Regulations, 2014 (if applicable). The response of the Company is attached.","11-Sep-2019 17:14:00","2019-09-11 17:14:00","-","-","https://nsearchives.nseindia.com/corporate/zrizvi_11092019171357_ParagMilkFoodsLtdClarificationonIntimationregardingNewESOPPolicy2019pdf_209.pdf"
"PARAGMILK","Parag Milk Foods Limited","AGM/Book Closure","Parag Milk Foods Limited has informed the Exchange that the Register of Members and the Share Transfer Books will remain closed from��September 24, 2019 to September 30, 2019 ( both days inclusive)�� for the purpose of Annual General Meeting to be held on September 30, 2019.","09-Sep-2019 16:34:00","2019-09-09 16:34:00","-","-","https://nsearchives.nseindia.com/corporate/listcontract1_09092019154023_AR_15958_PARAGMILK_2018_2019_07092019193646_296.pdf"
"PARAGMILK","Parag Milk Foods Limited","Analysts/Institutional Investor Meet/Con. Call Updates","Parag Milk Foods Limited has informed the Exchange regarding Analysts/Institutional Investor Meet/Con. Call Updates","06-Sep-2019 13:30:00","2019-09-06 13:30:00","-","-","https://nsearchives.nseindia.com/corporate/PARAGMILK_06092019133006_ParagMilkFoodsLtdIntimationofInvestorMeetHeldon5Sep9_144.pdf"
"PARAGMILK","Parag Milk Foods Limited","Updates","Parag Milk Foods Limited has informed the Exchange regarding 'Parag Milk Foods Limited Disclosure Pursuant To Regulation 31(1) and 31(2) Of SEBI (Substantial Acquisition of Shares and Takeovers) Regulations, 2011.'.","23-Aug-2019 19:46:00","2019-08-23 19:46:00","-","-","https://nsearchives.nseindia.com/corporate/PARAGMILK_23082019194549_PMFLDisclosureunderRegulation31_1_and31_2_ofSEBI_SAST_Reg2011_366.pdf"
"PARAGMILK","Parag Milk Foods Limited","Analysts/Institutional Investor Meet/Con. Call Updates","Parag Milk Foods Limited has informed the Exchange regarding Analysts/Institutional Investor Meet/Con. Call Updates","23-Aug-2019 18:28:00","2019-08-23 18:28:00","-","-","https://nsearchives.nseindia.com/corporate/PARAGMILK_23082019182743_PMFLIntimationofInvestorMeetingsdatedAugust22and23_313.pdf"
"PARAGMILK","Parag Milk Foods Limited","Analysts/Institutional Investor Meet/Con. Call Updates","Parag Milk Foods Limited has informed the Exchange regarding Analysts/Institutional Investor Meet/Con. Call Updates","21-Aug-2019 17:28:00","2019-08-21 17:28:00","-","-","https://nsearchives.nseindia.com/corporate/PARAGMILK_21082019172745_ParagMilkFoodsLtdIntimationofAnalystMeetdated21Aug2019_277.pdf"
"PARAGMILK","Parag Milk Foods Limited","Analysts/Institutional Investor Meet/Con. Call Updates","Parag Milk Foods Limited has informed the Exchange regarding Analysts/Institutional Investor Meet/Con. Call Updates","21-Aug-2019 13:30:00","2019-08-21 13:30:00","-","-","https://nsearchives.nseindia.com/corporate/PARAGMILK_21082019133008_PMFLintimationofparticipationinInvestorConferencedtd20Aug2019_102.pdf"
"PARAGMILK","Parag Milk Foods Limited","Analysts/Institutional Investor Meet/Con. Call Updates","Parag Milk Foods Limited has informed the Exchange regarding Analysts/Institutional Investor Meet/Con. Call Updates","13-Aug-2019 20:29:00","2019-08-13 20:29:00","-","-","https://nsearchives.nseindia.com/corporate/PARAGMILK_13082019202825_ParagMilkFoodsLtdIntimationofInvestorMeetHeldinHongKong_282.pdf"
"PARAGMILK","Parag Milk Foods Limited","Analysts/Institutional Investor Meet/Con. Call Updates","Parag Milk Foods Limited has informed the Exchange regarding Analysts/Institutional Investor Meet/Con. Call Updates","13-Aug-2019 10:13:00","2019-08-13 10:13:00","-","-","https://nsearchives.nseindia.com/corporate/PARAGMILK_13082019101258_ParagMilkFoodsLtdIntimationofInvestorMeetings_091.pdf"
"PARAGMILK","Parag Milk Foods Limited","Updates","Parag Milk Foods Limited has informed the Exchange regarding 'Parag Milk Foods Limited Disclosure Pursuant to  Regulation 31(1) and 31(2) of SEBI (Substantial Acquisition of Shares and   Takeovers) Regulations, 2011'.","09-Aug-2019 20:25:00","2019-08-09 20:25:00","-","-","https://nsearchives.nseindia.com/corporate/PARAGMILK_09082019202332_ParagMilkFoodsLimitedDisclosureunderReg31_1_and_2_ofSEBI_SAST_Reg2011_013.pdf"
"PARAGMILK","Parag Milk Foods Limited","Updates","Parag Milk Foods Limited has informed the Exchange regarding ' Clarification on Rumours on Digital and Social Media'.","08-Aug-2019 13:46:00","2019-08-08 13:46:00","-","-","https://nsearchives.nseindia.com/corporate/listcontract1_882019134510_ParagMilkFoodsLtdClarificationonRumoursonDigitalMedia_131.pdf"
"PARAGMILK","Parag Milk Foods Limited","Updates","Parag Milk Foods Limited has informed the Exchange regarding 'Parag Milk  Foods Limited Disclosure under  Regulation 29(2) of SEBI (Substantial Acquisition of Shares and Takeovers) Regulations, 2011  '.","02-Aug-2019 21:32:00","2019-08-02 21:32:00","-","-","https://nsearchives.nseindia.com/corporate/PARAGMILK_02082019213206_ParagMilkFoodsLtdIntimationunderReg29_2_ofSEBI_SAST_Regulations2011_011.pdf"
"PARAGMILK","Parag Milk Foods Limited","Investor Presentation","Parag Milk Foods Limited has informed the Exchange regarding Investor Presentation","02-Aug-2019 19:17:00","2019-08-02 19:17:00","-","-","https://nsearchives.nseindia.com/corporate/PARAGMILK_02082019191657_ParagMilkFoodsLtdInvestorPresentationforQ1FY20_565.pdf"
"PARAGMILK","Parag Milk Foods Limited","Outcome of Board Meeting","Parag Milk Foods Limited has informed the Exchange regarding  Board meeting held on August 02, 2019.","02-Aug-2019 18:40:00","2019-08-02 18:40:00","-","-","https://nsearchives.nseindia.com/corporate/PARAGMILK_02082019183951_ParagMilkFoodsLtdOutcomeofBoardMeetingHeldon2August19_529.pdf"
"PARAGMILK","Parag Milk Foods Limited","Financial Result Updates","Parag Milk Foods Limited has submitted to the Exchange, the financial results for the period ended June 30, 2019.","02-Aug-2019 18:32:10","2019-08-02 18:32:10","-","-","https://nsearchives.nseindia.com/corporate/ParagMilkFoodsLtdUnAuditedResultsforQtrended30June19_02082019183210.zip"
"PARAGMILK","Parag Milk Foods Limited","Clarification","PARAGMILK: The Exchange has sought clarification from Parag Milk Foods Limited with respect to announcement dated 03-Jul-2019, regarding Approval of New Employee Stock Option Scheme, 2019 (ESOS, 2019).On basis of above you are required to clarify following -1. Brief details of significant terms;2. Total number of shares covered by these options;3. Pricing formula;4. Time within which option may be exercised;5. Whether�� the�� scheme�� is�� in�� terms�� of�� SEBI�� (SBEB)�� Regulations,�� 2014�� (if applicable)The response of the Company is awaited.","25-Jul-2019 17:46:00","2019-07-25 17:46:00","-","-","-"
"PARAGMILK","Parag Milk Foods Limited","Analysts/Institutional Investor Meet/Con. Call Updates","Parag Milk Foods Limited has informed the Exchange regarding Analysts/Institutional Investor Meet/Con. Call Updates","24-Jul-2019 14:52:00","2019-07-24 14:52:00","-","-","https://nsearchives.nseindia.com/corporate/PARAGMILK_24072019145212_ParagMilkFoodsEarningsCallInviteQ1FY20_174.pdf"
"PARAGMILK","Parag Milk Foods Limited","Credit Rating","Parag Milk Foods Limited has informed the Exchange regarding Credit Rating","12-Jul-2019 16:54:00","2019-07-12 16:54:00","-","-","https://nsearchives.nseindia.com/corporate/PARAGMILK_12072019165329_ParagMilkFoodsLtdIntimationofRevisioninCreditRating_229.pdf"
"PARAGMILK","Parag Milk Foods Limited","Appointment","Parag Milk Foods Limited has informed the Exchange regarding Appointment of Mr Venkat Shankar as Chief Executive Officer of the company w.e.f. July 04, 2019.","03-Jul-2019 14:23:00","2019-07-03 14:23:00","-","-","https://nsearchives.nseindia.com/corporate/PARAGMILK_03072019142227_PMFLIntimationUnderReg30ofSEBI_LODR_ofApptofCEOandNewESOPPolicy_117.pdf"
"PARAGMILK","Parag Milk Foods Limited","Trading Window","Parag Milk Foods Limited has informed the Exchange regarding the Trading Window closure pursuant to SEBI (Prohibition of Insider Trading) Regulations, 2015","28-Jun-2019 15:18:00","2019-06-28 15:18:00","-","-","https://nsearchives.nseindia.com/corporate/PARAGMILK_28062019151729_ParagMilkFoodsLtdIntimationofClosureOfTradingWindow_283.pdf"
"PARAGMILK","Parag Milk Foods Limited","Analysts/Institutional Investor Meet/Con. Call Updates","Parag Milk Foods Limited has informed the Exchange regarding Analysts/Institutional Investor Meet/Con. Call Updates","28-Jun-2019 08:44:00","2019-06-28 08:44:00","-","-","https://nsearchives.nseindia.com/corporate/PARAGMILK_28062019083036_ParagMilkFoodsLtdIntimationofInvestorMeetHeldon27June19atChicago_001.pdf"
"PARAGMILK","Parag Milk Foods Limited","Press Release","Parag Milk Foods Limited has informed the Exchange regarding a press release dated Jun 26, 2019, titled ""Parag Milk Foods Announces Launch of New GO Cheese Campaign  #HarTastyCheezMeinGoCheese in its new TVC."".","27-Jun-2019 10:25:00","2019-06-27 10:25:00","-","-","https://nsearchives.nseindia.com/corporate/PARAGMILK_27062019102437_ParagMilkFoodsLtdPressReleasedtd26June19_018.pdf"
"PARAGMILK","Parag Milk Foods Limited","Analysts/Institutional Investor Meet/Con. Call Updates","Parag Milk Foods Limited has informed the Exchange regarding Analysts/Institutional Investor Meet/Con. Call Updates","27-Jun-2019 08:41:00","2019-06-27 08:41:00","-","-","https://nsearchives.nseindia.com/corporate/PARAGMILK_27062019082506_ParagMilkFoodsLtdIntimationofInvestorsMeetHeldinUS_007.pdf"
"PARAGMILK","Parag Milk Foods Limited","Analysts/Institutional Investor Meet/Con. Call Updates","Parag Milk Foods Limited has informed the Exchange regarding Analysts/Institutional Investor Meet/Con. Call Updates","25-Jun-2019 08:55:00","2019-06-25 08:55:00","-","-","https://nsearchives.nseindia.com/corporate/PARAGMILK_25062019085516_ParagMilkFoodsLtdIntimationofInvestorMeetHeldon24June19atSanFrancisco_003.pdf"
"PARAGMILK","Parag Milk Foods Limited","Analysts/Institutional Investor Meet/Con. Call Updates","Parag Milk Foods Limited has informed the Exchange regarding Analysts/Institutional Investor Meet/Con. Call Updates","24-Jun-2019 12:25:00","2019-06-24 12:25:00","-","-","https://nsearchives.nseindia.com/corporate/PARAGMILK_24062019122444_ParagMilkFoodsLtdIntimationofInvestorMeetHeldon24June19inSanFrancisco_156.pdf"
"PARAGMILK","Parag Milk Foods Limited","Investor Presentation","Parag Milk Foods Limited has informed the Exchange regarding Investor Presentation","20-Jun-2019 14:10:00","2019-06-20 14:10:00","-","-","https://nsearchives.nseindia.com/corporate/PARAGMILK_20062019140950_ParagMilkFoodsLtdInvestorPresentationforRoadshowParticipationinUS_129.pdf"
"PARAGMILK","Parag Milk Foods Limited","Press Release","Parag Milk Foods Limited has informed the Exchange regarding a press release dated Jun 10, 2019, titled ""Parag Milk Foods Limited launches its premium milk brand ��Pride of Cows�� in Singapore"".","10-Jun-2019 13:03:00","2019-06-10 13:03:00","-","-","https://nsearchives.nseindia.com/corporate/PARAGMILK_10062019130258_ParagMilkFoodsLtdPressReleaseDated10June2019_099.pdf"
"PARAGMILK","Parag Milk Foods Limited","Related Party Transactions","Parag Milk Foods Limited has submitted to the Exchange a copy of Disclosure of Related Party Transactions Pursuant to Regulation 23(9) of the SEBI (LODR ) Regulations, 2015 for Half Year Ended March 31, 2019.","06-Jun-2019 18:21:00","2019-06-06 18:21:00","-","-","https://nsearchives.nseindia.com/corporate/listcontract1_66201916191_ParagMilkFoodsLtdRPTDisclosureforHalfYearEnded31March2019_351.pdf"
"PARAGMILK","Parag Milk Foods Limited","Financial Result Updates","Parag Milk Foods Limited has submitted to the Exchange, the financial results for the period ended March 31, 2019.","13-May-2019 12:34:03","2019-05-13 12:34:03","-","-","https://nsearchives.nseindia.com/corporate/ParagMilkFoodsLtdAuditedResultsforQtrandYearended31March19_13052019123403.zip"
"PARAGMILK","Parag Milk Foods Limited","Investor Presentation","Parag Milk Foods Limited has informed the Exchange regarding Investor Presentation","11-May-2019 20:31:00","2019-05-11 20:31:00","-","-","https://nsearchives.nseindia.com/corporate/PARAGMILK_11052019203100_ParagMilkFoodsLtdInvestorPresentationQ4FY19_105.pdf"
"PARAGMILK","Parag Milk Foods Limited","Dividend","Parag Milk Foods Limited has informed the Exchange that Board of Directors at its meeting held on May 11, 2019, recommended Final Dividend of 1.00 per equity share.","11-May-2019 19:50:00","2019-05-11 19:50:00","-","-","https://nsearchives.nseindia.com/corporate/PARAGMILK_11052019194940_ParagMilkFoodsLtdOutcomeofBoardMeetingHeldon11May2019_098.pdf"
"PARAGMILK","Parag Milk Foods Limited","Updates","Parag Milk Foods Limited has informed the Exchange regarding 'Parag Milk Foods Limited Intimation Pursuant  to SEBI Circular SEBI/HO/DDHS/CIR/P/2018/144 dated November 26, 2018  of Non -applicability of Large Corporate Criteria.'.","04-May-2019 13:41:00","2019-05-04 13:41:00","-","-","https://nsearchives.nseindia.com/corporate/PARAGMILK_04052019133912_ParagMilkFoodsLtdIntimationofNonapplicabilityofLargeCorporateCategory_035.pdf"
"PARAGMILK","Parag Milk Foods Limited","Analysts/Institutional Investor Meet/Con. Call Updates","Parag Milk Foods Limited has informed the Exchange regarding Analysts/Institutional Investor Meet/Con. Call Updates","03-May-2019 15:35:00","2019-05-03 15:35:00","-","-","https://nsearchives.nseindia.com/corporate/PARAGMILK_03052019153457_ParagMilkFoodsEarningsCallInviteQ4FY19_155.pdf"
"PARAGMILK","Parag Milk Foods Limited","Trading Window","Parag Milk Foods Limited has informed the Exchange regarding the Trading Window closure pursuant to SEBI (Prohibition of Insider Trading) Regulations, 2015","03-Apr-2019 12:46:00","2019-04-03 12:46:00","-","-","https://nsearchives.nseindia.com/corporate/PARAGMILK_03042019124622_ParagMilkFoodsLtdIntimationofClosureofTradingWindow_146.pdf"
"PARAGMILK","Parag Milk Foods Limited","Code of Conduct under SEBI(PIT) Reg., 2015","Parag Milk Foods Limited has informed the Exchange regarding the Code of Conduct under SEBI(PIT) Reg., 2015","02-Apr-2019 19:09:00","2019-04-02 19:09:00","-","-","https://nsearchives.nseindia.com/corporate/PARAGMILK_02042019190753_ParagMilkFoodsLtdCodeofPracticesandProceduresforFairDisclosureofUPSI_414.pdf"
"PARAGMILK","Parag Milk Foods Limited","Disc. under Reg.30 of SEBI (SAST) Reg.2011","Parag Milk Foods Limited has submitted to the Exchange a copy of disclosure under Regulation 30(1) and 30(2) of SEBI (Substantial Acquisition of Shares & Takeovers) Regulations, 2011.","01-Apr-2019 15:17:00","2019-04-01 15:17:00","-","-","https://nsearchives.nseindia.com/corporate/listcontract1_01042019145727_Parag_282.pdf"
"PARAGMILK","Parag Milk Foods Limited","Analysts/Institutional Investor Meet/Con. Call Updates","Parag Milk Foods Limited has informed the Exchange regarding Analysts/Institutional Investor Meet/Con. Call Updates","28-Mar-2019 15:56:00","2019-03-28 15:56:00","-","-","https://nsearchives.nseindia.com/corporate/PARAGMILK_28032019155501_ParagMilkFoodsLtdIntimationofParticipationinConferenceon27March2019_132.pdf"
"PARAGMILK","Parag Milk Foods Limited","Analysts/Institutional Investor Meet/Con. Call Updates","Parag Milk Foods Limited has informed the Exchange regarding Analysts/Institutional Investor Meet/Con. Call Updates","15-Mar-2019 12:31:00","2019-03-15 12:31:00","-","-","https://nsearchives.nseindia.com/corporate/PARAGMILK_15032019115343_ParagMilkFoodsLtdIntimationofInvestorsMeeton14March2019_036.pdf"
"PARAGMILK","Parag Milk Foods Limited","Analysts/Institutional Investor Meet/Con. Call Updates","Parag Milk Foods Limited has informed the Exchange regarding Analysts/Institutional Investor Meet/Con. Call Updates","14-Feb-2019 15:12:00","2019-02-14 15:12:00","-","-","https://nsearchives.nseindia.com/corporate/PARAGMILK_14022019151046_ParagMilkFoodsLtdIntimationofInvestorMeeting_181.pdf"
"PARAGMILK","Parag Milk Foods Limited","Financial Result Updates","Parag Milk Foods Limited has submitted to the Exchange, the financial results for the period ended December 31, 2018.","02-Feb-2019 17:18:10","2019-02-02 17:18:10","-","-","https://nsearchives.nseindia.com/corporate/ParagMilkFoodsLtdUnauditedFinancialsforQtrended31December2018_02022019171810.zip"
"PARAGMILK","Parag Milk Foods Limited","Outcome of Board Meeting","Parag Milk Foods Limited has informed the Exchange regarding  Board meeting held on February 02, 2019.","02-Feb-2019 16:56:00","2019-02-02 16:56:00","-","-","https://nsearchives.nseindia.com/corporate/PARAGMILK_02022019165520_ParagMilkFoodsltdOutcomeofBoardMeetingHeldon2Feb2019_200.pdf"
"PARAGMILK","Parag Milk Foods Limited","Press Release","Parag Milk Foods Limited has informed the Exchange regarding a press release dated January 17, 2019, titled ""Parag Milk Foods Launches India��s First Ever Premium Milk - ��Pride of Cows�� in Delhi NCR "".","18-Jan-2019 10:43:00","2019-01-18 10:43:00","-","-","https://nsearchives.nseindia.com/corporate/PARAGMILK_18012019103735_ParagMilkFoodsLtdPressReleaseforLaunchofPrideofCowsinDelhi_014.pdf"
"PARAGMILK","Parag Milk Foods Limited","Analysts/Institutional Investor Meet/Con. Call Updates","Parag Milk Foods Limited has informed the Exchange regarding Analysts/Institutional Investor Meet/Con. Call Updates","11-Jan-2019 09:58:00","2019-01-11 09:58:00","-","-","https://nsearchives.nseindia.com/corporate/PARAGMILK_11012019095719_ParagMilkFoodsLtdIntimationofInvestorMeetingHeld_004.pdf"
"PARAGMILK","Parag Milk Foods Limited","Analysts/Institutional Investor Meet/Con. Call Updates","Parag Milk Foods Limited has informed the Exchange regarding Analysts/Institutional Investor Meet/Con. Call Updates","09-Jan-2019 10:01:00","2019-01-09 10:01:00","-","-","https://nsearchives.nseindia.com/corporate/PARAGMILK_09012019095941_ParagMilkFoodsEarningsCallInviteQ3FY19_008.pdf"
"PARAGMILK","Parag Milk Foods Limited","Press Release","Parag Milk Foods Limited has informed the Exchange regarding a press release dated January 07, 2019, titled ""Parag Milk Foods expands its reach by venturing into the Indian Sweets category through the launch of two new products ��Gulab Jamun and Rasgulla"" under the Brand Gowardhan"".","07-Jan-2019 10:06:00","2019-01-07 10:06:00","-","-","https://nsearchives.nseindia.com/corporate/PARAGMILK_07012019100447_ParagMilkFoodsLtdPressReleasedated7Jan2019_031.pdf"
"PARAGMILK","Parag Milk Foods Limited","Press Release","Parag Milk Foods Limited has informed the Exchange regarding a press release dated December 11, 2018, titled ""Parag Milk Foods Limited  launches ��Avvatar Advanced Mass Gainer�� "".","11-Dec-2018 13:21:00","2018-12-11 13:21:00","-","-","https://nsearchives.nseindia.com/corporate/PARAGMILK_11122018132026_ParagMilkFoodsLtdPressReleasedonProductLaunchDtd11Dec2018_046.pdf"
"PARAGMILK","Parag Milk Foods Limited","Analysts/Institutional Investor Meet/Con. Call Updates","Parag Milk Foods Limited has informed the Exchange regarding Analysts/Institutional Investor Meet/Con. Call Updates","06-Dec-2018 12:08:00","2018-12-06 12:08:00","-","-","https://nsearchives.nseindia.com/corporate/PARAGMILK_06122018120657_ParagMilkFoodsLtdIntimationofParticipationinConferenceHeldon5thDec2018_034.pdf"
"PARAGMILK","Parag Milk Foods Limited","Registrar & Share Transfer Agent Update","Parag Milk Foods Limited has informed the Exchange regarding the Registrar & Share Transfer Agent Update","05-Dec-2018 12:50:00","2018-12-05 12:50:00","-","-","https://nsearchives.nseindia.com/corporate/PARAGMILK_05122018124729_ParagMilkFoodsLtdIntimationofChangeinNameofRTA_051.pdf"
"PARAGMILK","Parag Milk Foods Limited","Analysts/Institutional Investor Meet/Con. Call Updates","Parag Milk Foods Limited has informed the Exchange regarding Analysts/Institutional Investor Meet/Con. Call Updates","22-Nov-2018 17:53:00","2018-11-22 17:53:00","-","-","https://nsearchives.nseindia.com/corporate/PARAGMILK_22112018175215_ParagMilkFoodsLtdInvestorMeetingsHeldon21Nov2018_194.pdf"
"PARAGMILK","Parag Milk Foods Limited","Analysts/Institutional Investor Meet/Con. Call Updates","Parag Milk Foods Limited has informed the Exchange regarding Analysts/Institutional Investor Meet/Con. Call Updates","13-Nov-2018 11:49:00","2018-11-13 11:49:00","-","-","https://nsearchives.nseindia.com/corporate/PARAGMILK_13112018114815_ParagMilkFoodsLtdInvestorMeetingHeldon13Nov18_480.pdf"
"PARAGMILK","Parag Milk Foods Limited","Updates","Parag Milk Foods Limited has informed the Exchange regarding ' Parag Milk Foods Limited has informed the Exchange that Parag Milk Foods Limited Clarification on Press Release dated November 02,2018 on Launch of Go Protein Power'.","09-Nov-2018 08:31:00","2018-11-09 08:31:00","-","-","https://nsearchives.nseindia.com/corporate/saileep_911201882420_ParagMilkFoodsLtdClarificationonPressReleasedtd2Nov18_632.pdf"
"PARAGMILK","Parag Milk Foods Limited","ESOP/ESOS/ESPS","Parag Milk Foods Limited has informed the Exchange regarding Grant of 166015  Options.","02-Nov-2018 13:09:00","2018-11-02 13:09:00","-","-","https://nsearchives.nseindia.com/corporate/PARAGMILK_02112018130717_ParagMilkFoodsLtdIntimationofESOPGrant_276.pdf"
"PARAGMILK","Parag Milk Foods Limited","Press Release","Parag Milk Foods Limited has informed the Exchange regarding a press release dated November 02, 2018, titled ""Parag Milk Foods Limited Announces Launch of GO Protein Power"".","02-Nov-2018 08:48:00","2018-11-02 08:48:00","-","-","https://nsearchives.nseindia.com/corporate/PARAGMILK_02112018084559_ParagMilkFoodsLtdPressReleaseonLaunchofGOProteinPowerdtd2Nov2018_157.pdf"
"PARAGMILK","Parag Milk Foods Limited","Investor Presentation","Parag Milk Foods Limited has informed the Exchange regarding Investor Presentation","01-Nov-2018 18:27:00","2018-11-01 18:27:00","-","-","https://nsearchives.nseindia.com/corporate/PARAGMILK_01112018182604_ParagMilkFoodsInvestorPresentationQ2FY19Results_016.pdf"
"PARAGMILK","Parag Milk Foods Limited","Financial Result Updates","Parag Milk Foods Limited has submitted to the Exchange, the financial results for the period ended September 30, 2018.","01-Nov-2018 16:23:49","2018-11-01 16:23:49","-","-","https://nsearchives.nseindia.com/corporate/ParagMilkFoosLtdUnauditedFinancialResultsforQtr2andH1Fy19_01112018162349.zip"
"PARAGMILK","Parag Milk Foods Limited","Outcome of Board Meeting","Parag Milk Foods Limited has informed the Exchange regarding  Board meeting held on November 01, 2018.","01-Nov-2018 16:06:00","2018-11-01 16:06:00","-","-","https://nsearchives.nseindia.com/corporate/PARAGMILK_01112018160523_ParagMilkFoodsLtdOutcomeofBoardMeetingHeldon1Nov2018_802.pdf"
"PARAGMILK","Parag Milk Foods Limited","Analysts/Institutional Investor Meet/Con. Call Updates","Parag Milk Foods Limited has informed the Exchange regarding Analysts/Institutional Investor Meet/Con. Call Updates","23-Oct-2018 15:18:00","2018-10-23 15:18:00","-","-","https://nsearchives.nseindia.com/corporate/PARAGMILK_23102018151756_ParagMilkFoodsEarningsCallInviteQ2FY19_105.pdf"
"PARAGMILK","Parag Milk Foods Limited","Updates","Parag Milk Foods Limited has informed the Exchange regarding ' Parag Milk Foods  Limited Update about the Government of India announcement of  Increase in Export Subsidy from 10% to 20%'.","27-Sep-2018 13:45:00","2018-09-27 13:45:00","-","-","https://nsearchives.nseindia.com/corporate/PARAGMILK_27092018134439_ParagMilkFoodsLtdIncreaseinExportSubsidyAnnouncement_726.pdf"
"PARAGMILK","Parag Milk Foods Limited","Press Release","Parag Milk Foods Limited has informed the Exchange regarding a press release dated September 25, 2018, titled ""Parag Milk Foods Limited announces the launch of Gowardhan ��Kesar Dahi��"".","25-Sep-2018 10:52:00","2018-09-25 10:52:00","-","-","https://nsearchives.nseindia.com/corporate/PARAGMILK_25092018105039_ParagMilkFoodsLtdPressReleasedtd25Sep2018_024.pdf"
"PARAGMILK","Parag Milk Foods Limited","Shareholders meeting","Parag Milk Foods Limited has informed the Exchange regarding Proceedings of Annual General Meeting held on September 19, 2018","20-Sep-2018 18:30:00","2018-09-20 18:30:00","-","-","https://nsearchives.nseindia.com/corporate/PARAGMILK_20092018182911_ParagMilkFoodsLtdProceedingsofthe26AGM_624.pdf"
"PARAGMILK","Parag Milk Foods Limited","Shareholders meeting","Parag Milk Foods Limited has submitted the Exchange a copy Srutinizers report of  Annual General Meeting held on September 19, 2018. Further, the company has informed the Exchange regarding voting results.","20-Sep-2018 17:53:00","2018-09-20 17:53:00","-","-","https://nsearchives.nseindia.com/corporate/PARAGMILK_20092018175122_ParagMilkFoodsLtdVotingResultsof26thAGM_601.pdf"
"PARAGMILK","Parag Milk Foods Limited","Press Release","Parag Milk Foods Limited has informed the Exchange regarding a press release dated September 10, 2018, titled ""Parag Milk Foods Limited announces collaboration of Company's Premium brand Pride of Cows with Gauri Khan to celebrate its 7th year anniversary"".","10-Sep-2018 10:30:00","2018-09-10 10:30:00","-","-","https://nsearchives.nseindia.com/corporate/PARAGMILK_10092018102858_ParagMilkFoodsLtdPressReleasedtd10Sep2018_225.pdf"
"PARAGMILK","Parag Milk Foods Limited","AGM/Book Closure","Parag Milk Foods Limited has informed the Exchange that the Register of Members and Share Transfer Books of the Company shall remain closed from September 13, 2018 to September 19, 2018 (both days inclusive) for the purpose of Annual General Meeting of the Company scheduled to be held on September 19, 2018 and payment of dividend.","07-Sep-2018 12:29:00","2018-09-07 12:29:00","-","-","https://nsearchives.nseindia.com/corporate/jyotsna_07092018122706_ParagMilkFoods_205.pdf"
"PARAGMILK","Parag Milk Foods Limited","Analysts/Institutional Investor Meet/Con. Call Updates","Parag Milk Foods Limited has informed the Exchange regarding Analysts/Institutional Investor Meet/Con. Call Updates","05-Sep-2018 10:00:00","2018-09-05 10:00:00","-","-","https://nsearchives.nseindia.com/corporate/PARAGMILK_05092018095713_ParagMilkFoodsLtdInvestorMeetHeldatElaraCapitalInvestorConference_067.pdf"
"PARAGMILK","Parag Milk Foods Limited","Analysts/Institutional Investor Meet/Con. Call Updates","Parag Milk Foods Limited has informed the Exchange regarding Analysts/Institutional Investor Meet/Con. Call Updates","03-Sep-2018 12:48:00","2018-09-03 12:48:00","-","-","https://nsearchives.nseindia.com/corporate/PARAGMILK_0309201812465_413.pdf"
"PARAGMILK","Parag Milk Foods Limited","Analysts/Institutional Investor Meet/Con. Call Updates","Parag Milk Foods Limited has informed the Exchange regarding Analysts/Institutional Investor Meet/Con. Call Updates","30-Aug-2018 10:27:00","2018-08-30 10:27:00","-","-","https://nsearchives.nseindia.com/corporate/PARAGMILK_30082018102304_ParagMilkFoodsLtdInvestorMeetingsHeldon29Aug18_474.pdf"
"PARAGMILK","Parag Milk Foods Limited","Updates","Parag Milk Foods Limited has informed the Exchange regarding 'Parag Milk Foods Limited Submission of the Notice of  Twenty Sixth Annual General Meeting and Annual Report for the Financial Year ended March 31, 2018'.","29-Aug-2018 22:01:00","2018-08-29 22:01:00","-","-","https://nsearchives.nseindia.com/corporate/PARAGMILK_29082018215929_ParagMiklFoodsltdAGMNoticeandAnnualReportforFY2018_440.pdf"
"PARAGMILK","Parag Milk Foods Limited","Updates","Parag Milk Foods Limited has informed the Exchange regarding Notice of Annual General Meeting, Remote e-voting, record date/ book closure for AGM published in newspapers'","29-Aug-2018 20:23:00","2018-08-29 20:23:00","-","-","https://nsearchives.nseindia.com/corporate/listcontract3_2982018175021_ParagMilkFoodsLtdIntimationof26thAGMadvtpublishedinNewspapers_398.pdf"
"PARAGMILK","Parag Milk Foods Limited","Press Release","Parag Milk Foods Limited has informed the Exchange regarding a press release dated August 28, 2018, titled "" Parag Milk Foods Limited has launched Gowardhan Fresh Milk in the Delhi NCR region from the recently acquired Sonipat Plant"".","28-Aug-2018 09:58:00","2018-08-28 09:58:00","-","-","https://nsearchives.nseindia.com/corporate/PARAGMILK_28082018095413_ParagMilkFoodsLtdPressReleasedtd28Aug2918_053.pdf"
"PARAGMILK","Parag Milk Foods Limited","Analysts/Institutional Investor Meet/Con. Call Updates","Parag Milk Foods Limited has informed the Exchange regarding Analysts/Institutional Investor Meet/Con. Call Updates","20-Aug-2018 09:41:00","2018-08-20 09:41:00","-","-","https://nsearchives.nseindia.com/corporate/ParagMilkFoodsLtdInvestorMeetinSanFrancisco.pdf"
"PARAGMILK","Parag Milk Foods Limited","Analysts/Institutional Investor Meet/Con. Call Updates","Parag Milk Foods Limited has informed the Exchange regarding Analysts/Institutional Investor Meet/Con. Call Updates","17-Aug-2018 08:58:00","2018-08-17 08:58:00","-","-","https://nsearchives.nseindia.com/corporate/ParagMilkFoodsLtdInvestorMeetingsUSRoadshow_17082018085839_464.zip"
"PARAGMILK","Parag Milk Foods Limited","Analysts/Institutional Investor Meet/Con. Call Updates","Parag Milk Foods Limited has informed the Exchange regarding Analysts/Institutional Investor Meet/Con. Call Updates","16-Aug-2018 08:58:00","2018-08-16 08:58:00","-","-","https://nsearchives.nseindia.com/corporate/ParagMilkFoodsLtdInvestorMeetHeldinChicagoOn14August2018_16082018085837_962.zip"
"PARAGMILK","Parag Milk Foods Limited","Analysts/Institutional Investor Meet/Con. Call Updates","Parag Milk Foods Limited has informed the Exchange regarding Analysts/Institutional Investor Meet/Con. Call Updates","14-Aug-2018 08:58:00","2018-08-14 08:58:00","-","-","https://nsearchives.nseindia.com/corporate/ParagMiklFoodsLtdInvestorMeetHeldinBostonon13August2018_14082018085804_029.zip"
"PARAGMILK","Parag Milk Foods Limited","Updates","Parag Milk Foods Limited has informed the Exchange regarding 'Parag Milk Foods Limied Q1FY19 Earnings Call  Transcript'.","13-Aug-2018 13:40:00","2018-08-13 13:40:00","-","-","https://nsearchives.nseindia.com/corporate/ParagMilkFoodsQ1FY19EarningsCallTranscript_13082018134041_520.zip"
"PARAGMILK","Parag Milk Foods Limited","Analysts/Institutional Investor Meet/Con. Call Updates","Parag Milk Foods Limited has informed the Exchange regarding Analysts/Institutional Investor Meet/Con. Call Updates","13-Aug-2018 09:34:00","2018-08-13 09:34:00","-","-","https://nsearchives.nseindia.com/corporate/RevisedParagMilkFoodsLtdInvestorMeetonUSNDRon10Aug2018_13082018093431_412.zip"
"PARAGMILK","Parag Milk Foods Limited","Analysts/Institutional Investor Meet/Con. Call Updates","Parag Milk Foods Limited has informed the Exchange regarding Analysts/Institutional Investor Meet/Con. Call Updates","13-Aug-2018 09:22:00","2018-08-13 09:22:00","-","-","https://nsearchives.nseindia.com/corporate/ParagMilkFoodsLtdInvestorMeetonUSNDRon10Aug2018_13082018092256_403.zip"
"PARAGMILK","Parag Milk Foods Limited","Analysts/Institutional Investor Meet/Con. Call Updates","Parag Milk Foods Limited has informed the Exchange regarding Analysts/Institutional Investor Meet/Con. Call Updates","10-Aug-2018 10:59:00","2018-08-10 10:59:00","-","-","https://nsearchives.nseindia.com/corporate/ParagMilkFoodsLtdInvestorMeetingsheldinNewYorkNDRon9August2018-_10082018105909_634.zip"
"PARAGMILK","Parag Milk Foods Limited","Investor Presentation","Parag Milk Foods Limited has informed the Exchange regarding Investor Presentation","09-Aug-2018 12:57:00","2018-08-09 12:57:00","-","-","https://nsearchives.nseindia.com/corporate/ParagMilkFoodsLtdInvestorPresentationUSNDR_09082018125703_091.zip"
"PARAGMILK","Parag Milk Foods Limited","Investor Presentation","Parag Milk Foods Limited has informed the Exchange regarding Investor Presentation","06-Aug-2018 22:22:00","2018-08-06 22:22:00","-","-","https://nsearchives.nseindia.com/corporate/ParagMilkFoodsInvestorPresentationQ1FY19_06082018222214_625.zip"
"PARAGMILK","Parag Milk Foods Limited","Press Release","Parag Milk Foods Limited has informed the Exchange regarding a press release dated August 06, 2018, titled ""Parag Milk Foods Limited Press Release for Q1FY19"".","06-Aug-2018 22:09:00","2018-08-06 22:09:00","-","-","https://nsearchives.nseindia.com/corporate/ParagMilkFoodsLtdPressReleaseforQ1FY19_06082018220951_624.zip"
"PARAGMILK","Parag Milk Foods Limited","Financial Result Updates","Parag Milk Foods Limited has submitted to the Exchange, the financial results for the period ended June 30, 2018.","06-Aug-2018 21:21:30","2018-08-06 21:21:30","-","-","https://nsearchives.nseindia.com/corporate/ParagMilkFoodsltdUnauditedResultsfortheQtrended30June2018_06082018212130.zip"
"PARAGMILK","Parag Milk Foods Limited","Outcome of Board Meeting","Parag Milk Foods Limited has informed the Exchange regarding  Board meeting held on August 06, 2018.","06-Aug-2018 21:11:00","2018-08-06 21:11:00","-","-","https://nsearchives.nseindia.com/corporate/ParagMilkFoodsLtdOutcomeofBoardMeetingHeldon6Aug2018_06082018211153_615.zip"
"PARAGMILK","Parag Milk Foods Limited","Press Release","Parag Milk Foods Limited has informed the Exchange regarding a press release dated August 01, 2018, titled ""Parag Milk Foods Limited Announces the Commencement of Manufacturing at the Sonipat plant in Haryana."".","01-Aug-2018 09:30:00","2018-08-01 09:30:00","-","-","https://nsearchives.nseindia.com/corporate/ParagMilkFoodsLtdPressReleasedated1stAugust2018_01082018093044_031.zip"
"PARAGMILK","Parag Milk Foods Limited","Analysts/Institutional Investor Meet/Con. Call Updates","Parag Milk Foods Limited has informed the Exchange regarding Analysts/Institutional Investor Meet/Con. Call Updates","23-Jul-2018 09:20:00","2018-07-23 09:20:00","-","-","https://nsearchives.nseindia.com/corporate/ParagMilkFoodsLtdIntimationofParticipationinRoadShowsinUSAInAugust2018_23072018092016_550.zip"
"PARAGMILK","Parag Milk Foods Limited","Updates","Parag Milk Foods Limited has informed the Exchange regarding 'Parag Milk  Foods Limited Welcomes  Government Decison of 10% Export  Subsidy .'.","19-Jul-2018 13:07:00","2018-07-19 13:07:00","-","-","https://nsearchives.nseindia.com/corporate/ParagMilkFoodsLtdUpdateonGovernmentExportSubsidy_19072018130723_422.zip"
"PARAGMILK","Parag Milk Foods Limited","Press Release","Parag Milk Foods Limited has informed the Exchange regarding a press release dated July 19, 2018, titled ""Ms. Akshali Shah awarded the ��Entrepreneur of the Year in Service Business �� FMCG�� by Entrepreneur India"".","19-Jul-2018 09:56:00","2018-07-19 09:56:00","-","-","https://nsearchives.nseindia.com/corporate/ParagMilkFoodsLtdPressReleasedtd19July2018_19072018095650_360.zip"
"PARAGMILK","Parag Milk Foods Limited","Press Release","Parag Milk Foods Limited has informed the Exchange regarding a press release dated July 17, 2018, titled ""Parag Milk Foods Announces the Launch of a unique variant in cheese ""Go Chocolate Cheese"""".","17-Jul-2018 09:26:00","2018-07-17 09:26:00","-","-","https://nsearchives.nseindia.com/corporate/ParagMilkFoodsLtdPressReleasedtd17July2018_17072018092613_900.zip"
"PARAGMILK","Parag Milk Foods Limited","Analysts/Institutional Investor Meet/Con. Call Updates","Parag Milk Foods Limited has informed the Exchange regarding Analysts/Institutional Investor Meet/Con. Call Updates","16-Jul-2018 17:01:00","2018-07-16 17:01:00","-","-","https://nsearchives.nseindia.com/corporate/ParagMilkFoodsLtdEarningsCallInviteQ1FY19_16072018170114_742.zip"
"PARAGMILK","Parag Milk Foods Limited","Analysts/Institutional Investor Meet/Con. Call Updates","Parag Milk Foods Limited has informed the Exchange regarding Analysts/Institutional Investor Meet/Con. Call Updates","12-Jul-2018 09:24:00","2018-07-12 09:24:00","-","-","https://nsearchives.nseindia.com/corporate/ParagMilkFoodsltdIntimationofInvestorMeetingHeldinSingaporeon11July2018_12072018092417_312.zip"
"PARAGMILK","Parag Milk Foods Limited","Analysts/Institutional Investor Meet/Con. Call Updates","Parag Milk Foods Limited has informed the Exchange regarding Analysts/Institutional Investor Meet/Con. Call Updates","10-Jul-2018 09:23:00","2018-07-10 09:23:00","-","-","https://nsearchives.nseindia.com/corporate/ParagMilkFoodsLtdIntimationofInvestorMeetingHeldon9July2018_10072018092305_420.zip"
"PARAGMILK","Parag Milk Foods Limited","Press Release","Parag Milk Foods Limited has informed the Exchange regarding a press release dated July 05, 2018, titled ""Press Release Announcing Company's Collaboration with Swedish company 'ColoPlus AB' for launch of its first 100% natural immunity booster  called ""GO Colo Power"" ."".","05-Jul-2018 12:16:00","2018-07-05 12:16:00","-","-","https://nsearchives.nseindia.com/corporate/ParagMilkFoodsLtdIntimationofPressReleasedtd5July2018_05072018121622_088.zip"
"PARAGMILK","Parag Milk Foods Limited","Updates","Parag Milk Foods Limited has informed the Exchange regarding ' Outcome of Circular Resolution  for Acquisition of Patent Rights from Sweden Based Organisation'.","02-Jul-2018 16:24:00","2018-07-02 16:24:00","-","-","https://nsearchives.nseindia.com/corporate/ParagMilkFoodsLtdOutcomeofCircularResolution_02072018162403_778.zip"
"PARAGMILK","Parag Milk Foods Limited","Updates","Parag Milk Foods Limited has informed the Exchange regarding 'Parag Milk Foods Limited Intimation of  Proposed  Board Approval for Acquisition of Patent Rights '.","28-Jun-2018 12:28:00","2018-06-28 12:28:00","-","-","https://nsearchives.nseindia.com/corporate/ParagMilkFoodsLimitedPatentIntimation_28062018122824_017.zip"
"PARAGMILK","Parag Milk Foods Limited","Analysts/Institutional Investor Meet/Con. Call Updates","Parag Milk Foods Limited has informed the Exchange regarding Analysts/Institutional Investor Meet/Con. Call Updates","26-Jun-2018 09:49:00","2018-06-26 09:49:00","-","-","https://nsearchives.nseindia.com/corporate/ParagMilkFoodsLtdIntimationofInvestorMeetingsHeldon25June2018_26062018094954_398.zip"
"PARAGMILK","Parag Milk Foods Limited","Analysts/Institutional Investor Meet/Con. Call Updates","Parag Milk Foods Limited has informed the Exchange regarding Analysts/Institutional Investor Meet/Con. Call Updates","25-Jun-2018 09:30:00","2018-06-25 09:30:00","-","-","https://nsearchives.nseindia.com/corporate/ParagMilkFoodsLtdIntimationofInvestorMeetingsHeldon22June2018_25062018093050_102.zip"
"PARAGMILK","Parag Milk Foods Limited","Analysts/Institutional Investor Meet/Con. Call Updates","Parag Milk Foods Limited has informed the Exchange regarding Analysts/Institutional Investor Meet/Con. Call Updates","18-Jun-2018 09:59:00","2018-06-18 09:59:00","-","-","https://nsearchives.nseindia.com/corporate/ParagMilkFoodsLtdInvestorMeetingsHeldinCopenhagenOn15June2018_18062018095912_128.zip"
"PARAGMILK","Parag Milk Foods Limited","Analysts/Institutional Investor Meet/Con. Call Updates","Parag Milk Foods Limited has informed the Exchange regarding Analysts/Institutional Investor Meet/Con. Call Updates","15-Jun-2018 11:59:00","2018-06-15 11:59:00","-","-","https://nsearchives.nseindia.com/corporate/ParagMilkFoodsLtdintimationofInvestorMeetingHeldinViennaon14June2018_15062018115930_041.zip"
"PARAGMILK","Parag Milk Foods Limited","Analysts/Institutional Investor Meet/Con. Call Updates","Parag Milk Foods Limited has informed the Exchange regarding Analysts/Institutional Investor Meet/Con. Call Updates","15-Jun-2018 09:59:00","2018-06-15 09:59:00","-","-","https://nsearchives.nseindia.com/corporate/ParagMilkFoodsLtdIntimationofInvestorMeetingheldatFrankfurton14June2018_15062018095935_014.zip"
"PARAGMILK","Parag Milk Foods Limited","Analysts/Institutional Investor Meet/Con. Call Updates","Parag Milk Foods Limited has informed the Exchange regarding Analysts/Institutional Investor Meet/Con. Call Updates","14-Jun-2018 14:58:00","2018-06-14 14:58:00","-","-","https://nsearchives.nseindia.com/corporate/ParagMilkFoodsLtdIntimationofInvestorMeetingsHeldinEdinburgOn13June2018_14062018145820_105.zip"
"PARAGMILK","Parag Milk Foods Limited","Analysts/Institutional Investor Meet/Con. Call Updates","Parag Milk Foods Limited has informed the Exchange regarding Analysts/Institutional Investor Meet/Con. Call Updates","13-Jun-2018 12:07:00","2018-06-13 12:07:00","-","-","https://nsearchives.nseindia.com/corporate/ParagMilkFoodsLtdParticipationinEdelweissUKConferenceHeldon12June18_13062018120745_054.zip"
"PARAGMILK","Parag Milk Foods Limited","Analysts/Institutional Investor Meet/Con. Call Updates","Parag Milk Foods Limited has informed the Exchange regarding Analysts/Institutional Investor Meet/Con. Call Updates","07-Jun-2018 12:48:00","2018-06-07 12:48:00","-","-","https://nsearchives.nseindia.com/corporate/ParagMilkFoodsLtdParticipationinInvestorConferenceHeldon6June18_07062018124803_533.zip"
"PARAGMILK","Parag Milk Foods Limited","Analysts/Institutional Investor Meet/Con. Call Updates","Parag Milk Foods Limited has informed the Exchange regarding Analysts/Institutional Investor Meet/Con. Call Updates","05-Jun-2018 10:00:00","2018-06-05 10:00:00","-","-","https://nsearchives.nseindia.com/corporate/ParagMilkFoodsLtdParticipationinInvestorConferenceon12June18_05062018100000_675.zip"
"PARAGMILK","Parag Milk Foods Limited","Press Release","Parag Milk Foods Limited has informed the Exchange regarding a press release dated Jun 01, 2018, titled ""Parag Milk Foods Limited  launches Gowardhan ��Mishti Doi�� "".","01-Jun-2018 10:18:00","2018-06-01 10:18:00","-","-","https://nsearchives.nseindia.com/corporate/ParagMilkFoodsLtdPressReleasedated1June2018_01062018101857_039.zip"
"PARAGMILK","Parag Milk Foods Limited","Analysts/Institutional Investor Meet/Con. Call Updates","Parag Milk Foods Limited has informed the Exchange regarding Analysts/Institutional Investor Meet/Con. Call Updates","25-May-2018 18:33:00","2018-05-25 18:33:00","-","-","https://nsearchives.nseindia.com/corporate/ParagMilkFoodsLtdntimationofInvestorMeetings_25052018183322_470.zip"
"PARAGMILK","Parag Milk Foods Limited","Analysts/Institutional Investor Meet/Con. Call Updates","Parag Milk Foods Limited has informed the Exchange regarding Analysts/Institutional Investor Meet/Con. Call Updates","17-May-2018 17:00:00","2018-05-17 17:00:00","-","-","https://nsearchives.nseindia.com/corporate/ParagMilkFoodsLtdParticipationinDeutscheBankIndiaConsumerRoadshow_17052018170008_433.zip"
"PARAGMILK","Parag Milk Foods Limited","Updates","Parag Milk Foods Limited has informed the Exchange regarding 'Parag Milk Foods Limited Analyst Meet Transcript FY 18.'.","16-May-2018 09:37:00","2018-05-16 09:37:00","-","-","https://nsearchives.nseindia.com/corporate/ParagMilkFoodsLimitedAnalystMeetTranscriptFY18_16052018093702_038.zip"
"PARAGMILK","Parag Milk Foods Limited","Updates","Parag Milk Foods Limited has informed the Exchange regarding 'Parag Milk Foods Limited Intimation under Regulation 30 of SEBI (LODR) Regulations, 2015, of Approvals received from  Stock Exchange(s) on Promoter Reclassification. '.","14-May-2018 16:28:00","2018-05-14 16:28:00","-","-","https://nsearchives.nseindia.com/corporate/ParagMilkFoodsLtdApprovalsreceivedonPromoterReclassification_14052018162853_421.zip"
"PARAGMILK","Parag Milk Foods Limited","Investor Presentation","Parag Milk Foods Limited has informed the Exchange regarding Investor Presentation","11-May-2018 15:20:00","2018-05-11 15:20:00","-","-","https://nsearchives.nseindia.com/corporate/ParagMilkFoodsLtdInvestorPresentation_11052018152021_593.zip"
"PARAGMILK","Parag Milk Foods Limited","Analysts/Institutional Investor Meet/Con. Call Updates","Parag Milk Foods Limited has informed the Exchange regarding Analysts/Institutional Investor Meet/Con. Call Updates","11-May-2018 15:14:00","2018-05-11 15:14:00","-","-","https://nsearchives.nseindia.com/corporate/ParagMilkFoodsLtdAnalystMeetDialinDetails_11052018151409_587.zip"
"PARAGMILK","Parag Milk Foods Limited","Outcome of Board Meeting","Parag Milk Foods Limited has informed the Exchange regarding Outcome of Board Meeting held on May 09, 2018.","10-May-2018 08:21:00","2018-05-10 08:21:00","-","-","https://nsearchives.nseindia.com/corporate/Paragmilk_10052018074501.zip"
"PARAGMILK","Parag Milk Foods Limited","Financial Result Updates","Parag Milk Foods Limited has submitted to the Exchange, the financial results for the period ended March 31, 2018.","09-May-2018 23:07:12","2018-05-09 23:07:12","-","-","https://nsearchives.nseindia.com/corporate/ParagMilkFoodsLtdAuditedResultsforQtrandYearended31March2018_09052018230712.zip"
"PARAGMILK","Parag Milk Foods Limited","Dividend","Parag Milk Foods Limited has informed the Exchange that Board of Directors at its meeting held on May 09, 2018, recommended Final Dividend of 0.75 per equity share.","09-May-2018 22:36:00","2018-05-09 22:36:00","-","-","https://nsearchives.nseindia.com/corporate/ParagMilkFoodsLtdOutcomeofBoardMeetingHeldon9May2018_09052018223633_972.zip"
"PARAGMILK","Parag Milk Foods Limited","Analysts/Institutional Investor Meet/Con. Call Updates","Parag Milk Foods Limited has informed the Exchange regarding Analysts/Institutional Investor Meet/Con. Call Updates","30-Apr-2018 11:58:00","2018-04-30 11:58:00","-","-","https://nsearchives.nseindia.com/corporate/ParagMilkFoodsAnalystMeetInvitefor11May2018_30042018115800_538.zip"
"PARAGMILK","Parag Milk Foods Limited","Outcome of Board Meeting","Parag Milk Foods Limited has informed the Exchange regarding  Board meeting held on April 26, 2018.","26-Apr-2018 11:11:00","2018-04-26 11:11:00","-","-","https://nsearchives.nseindia.com/corporate/ParagMilkFoodsLtdIntimationUnderReg30ofListingRegulations2015_26042018111115_034.zip"
"PARAGMILK","Parag Milk Foods Limited","Press Release","Parag Milk Foods Limited has informed the Exchange regarding a press release dated April 26, 2018, titled ""Parag Milk Foods expands its Product Offerings under the Brand ��Avvatar�� by introducing Avvatar Advanced Muscle Gainer"".","26-Apr-2018 09:30:00","2018-04-26 09:30:00","-","-","https://nsearchives.nseindia.com/corporate/ParagMilkFoodsltdPressReleaseDtd26April18_26042018093047_021.zip"
"PARAGMILK","Parag Milk Foods Limited","Press Release","Parag Milk Foods Limited has informed the Exchange regarding a press release dated April 19, 2018, titled ""Parag Milk Foods Expands its Footprints in North India, Acquires Danone��s (a French, Dairy Based MNC) Manufacturing Facility in Sonipat"".","19-Apr-2018 11:25:00","2018-04-19 11:25:00","-","-","https://nsearchives.nseindia.com/corporate/ParagMilkFoodsltdPressReleasedtd19April18_19042018112550_052.zip"
"PARAGMILK","Parag Milk Foods Limited","Updates","Parag Milk Foods Limited has informed the Exchange regarding 'Parag MIlk Foods Ltd Intimation under Regulation 30 of SEBI (LODR ) Regulations,2015:Company expands its footprint in North India with the Acquisition of the manufacturing facility of Danone Foods and Beverages India Private Limited, a French dairy based MNC .'.","19-Apr-2018 08:16:00","2018-04-19 08:16:00","-","-","https://nsearchives.nseindia.com/corporate/ParagMilkFoodsLtdIntimationUnderReg30ofListingRegulations2015_19042018081604_004.zip"
"PARAGMILK","Parag Milk Foods Limited","Press Release","Parag Milk Foods Limited has informed the Exchange regarding a press release dated April 17, 2018, titled ""Parag Milk Foods Limited Intimation of  Award received "".","17-Apr-2018 12:00:00","2018-04-17 12:00:00","-","-","https://nsearchives.nseindia.com/corporate/ParagMilkFoodsLimitedIntimationofAwardReceived_17042018120055_406.zip"
"PARAGMILK","Parag Milk Foods Limited","Analysts/Institutional Investor Meet/Con. Call Updates","Parag Milk Foods Limited has informed the Exchange regarding Analysts/Institutional Investor Meet/Con. Call Updates","12-Apr-2018 17:35:00","2018-04-12 17:35:00","-","-","https://nsearchives.nseindia.com/corporate/ParagMilkFoodsLtdIntimationofInvestorMeetingsHeld_12042018173528_381.zip"
"PARAGMILK","Parag Milk Foods Limited","Updates","Parag Milk Foods Limited has informed the Exchange regarding ' Voting Results of Postal Ballot including E-Voting Pursuant to Regulation 44(3) of SEBI (LODR) Regulations, 2015'.","10-Apr-2018 19:58:00","2018-04-10 19:58:00","-","-","https://nsearchives.nseindia.com/corporate/VotingResultsofPostalBallotasperReg44_3_ofListingRegulations2015_10042018195827_429.zip"
"PARAGMILK","Parag Milk Foods Limited","Disc. under Reg.30 of SEBI (SAST) Reg.2011","Parag Milk Foods Limited and  Promoter of the Company has submitted to the Exchange a copy of disclosure under Regulation 30(1) and 30(2) of SEBI (Substantial Acquisition of Shares & Takeovers) Regulations, 2011.&#12288;","10-Apr-2018 08:59:00","2018-04-10 08:59:00","-","-","https://nsearchives.nseindia.com/corporate/paragmilk_10042018085920.zip"
"PARAGMILK","Parag Milk Foods Limited","Press Release","Parag Milk Foods Limited has informed the Exchange regarding a press release dated March 21, 2018, titled ""Parag Milk Foods Limited Intimation of Press Release  on Launch of ""Go Cheese Cubes"""".","21-Mar-2018 09:35:00","2018-03-21 09:35:00","-","-","https://nsearchives.nseindia.com/corporate/ParagMilkFoodsLtdIntimationofPressReleaseDated21March2018_21032018093513_164.zip"
"PARAGMILK","Parag Milk Foods Limited","Updates","Parag Milk Foods Limited has informed the Exchange regarding 'Parag Milk Foods Limited Newspaper Advertisement  Published on Completion of Dispatch of Postal Ballot Notice and Postal Ballot Form.'.","12-Mar-2018 18:08:00","2018-03-12 18:08:00","-","-","https://nsearchives.nseindia.com/corporate/ParagMilkFoodsLtdAdvertisementonDispatchofPostalBallotNotice_12032018180847_734.zip"
"PARAGMILK","Parag Milk Foods Limited","Updates","Parag Milk Foods Limited has informed the Exchange regarding 'Intimation of Postal Ballot Notice Pursuant to Regulation 30 of SEBI (LODR) Regulations, 2015.'.","09-Mar-2018 11:12:00","2018-03-09 11:12:00","-","-","https://nsearchives.nseindia.com/corporate/ParagMilkFoodsLtdIntimationofPostalBallotNoticePursuantotReg30LODR_09032018111211_275.zip"
"PARAGMILK","Parag Milk Foods Limited","Outcome of Board Meeting","Parag Milk Foods Limited has informed the Exchange regarding  Board meeting held on March 01, 2018.","01-Mar-2018 12:40:00","2018-03-01 12:40:00","-","-","https://nsearchives.nseindia.com/corporate/ParagMilkFoodsLtdOutcomeofBoardMeetingHeldon1stMarch2018_01032018124018_064.zip"
"PARAGMILK","Parag Milk Foods Limited","Analysts/Institutional Investor Meet/Con. Call Updates","Parag Milk Foods Limited has informed the Exchange regarding Analysts/Institutional Investor Meet/Con. Call Updates","28-Feb-2018 16:42:00","2018-02-28 16:42:00","-","-","https://nsearchives.nseindia.com/corporate/PMFLIntimationofParticipationinInvestorConferenceon28Feb2018_28022018164211_159.zip"
"PARAGMILK","Parag Milk Foods Limited","Analysts/Institutional Investor Meet/Con. Call Updates","Parag Milk Foods Limited has informed the Exchange regarding Analysts/Institutional Investor Meet/Con. Call Updates","28-Feb-2018 11:02:00","2018-02-28 11:02:00","-","-","https://nsearchives.nseindia.com/corporate/ParagMilkFoodsLtdIntimationofInvestorMeetingsHeldon27Feb2018_28022018110238_012.zip"
"PARAGMILK","Parag Milk Foods Limited","Press Release","Parag Milk Foods Limited has informed the Exchange regarding a press release dated February 21, 2018, titled ""Brand ""Gowardhan Ghee"" has won  several prestigious awards recently"".","21-Feb-2018 13:34:00","2018-02-21 13:34:00","-","-","https://nsearchives.nseindia.com/corporate/ParagMilkFoodsLtdIntimationofPressReleasePursuanttoReg30_21022018133422_990.zip"
"PARAGMILK","Parag Milk Foods Limited","Analysts/Institutional Investor Meet/Con. Call Updates","Parag Milk Foods Limited has informed the Exchange regarding Analysts/Institutional Investor Meet/Con. Call Updates","19-Feb-2018 14:23:00","2018-02-19 14:23:00","-","-","https://nsearchives.nseindia.com/corporate/ParagMilkFoodsLtdInvestorMeetingsHeldduringNonDealRoadshow_19022018142323_501.zip"
"PARAGMILK","Parag Milk Foods Limited","Updates","Parag Milk Foods Limited has informed the Exchange regarding 'Parag Milk Foods Limited Intimation under Reg 30 of SEBI (Listing Obligations and Disclosure Requirements ) Regulations, 2015'.","09-Feb-2018 18:03:00","2018-02-09 18:03:00","-","-","https://nsearchives.nseindia.com/corporate/ParagMilkFoodsLimitedIntimationunderReg30ofSebiLodrRegulations2015_09022018180349_522.zip"
"PARAGMILK","Parag Milk Foods Limited","Analysts/Institutional Investor Meet/Con. Call Updates","Parag Milk Foods Limited has informed the Exchange regarding Analysts/Institutional Investor Meet/Con. Call Updates","09-Feb-2018 15:43:00","2018-02-09 15:43:00","-","-","https://nsearchives.nseindia.com/corporate/ParagMilkFoodsLtdIntimationofInvestorAnalystMeetingHeldon9Feb2018_09022018154346_379.zip"
"PARAGMILK","Parag Milk Foods Limited","Updates","Parag Milk Foods Limited has informed the Exchange regarding 'Parag Milk Foods Limited Intimation under Reg 30 of SEBI (LODR) Regulations , 2015.'.","09-Feb-2018 15:09:00","2018-02-09 15:09:00","-","-","https://nsearchives.nseindia.com/corporate/ParagMilkFoodsLimitedIntimationunderReg30ofSebiLodrRegulations2015_09022018150900_347.zip"
"PARAGMILK","Parag Milk Foods Limited","Investor Presentation","Parag Milk Foods Limited has informed the Exchange regarding Investor Presentation","08-Feb-2018 23:29:00","2018-02-08 23:29:00","-","-","https://nsearchives.nseindia.com/corporate/ParagMilkFoodsInvestorPresentationQ3FY18_08022018232929_161.zip"
"PARAGMILK","Parag Milk Foods Limited","Press Release","Parag Milk Foods Limited has informed the Exchange regarding a press release dated February 08, 2018, titled ""Parag Milk Foods Limited Investor Release on Financial Perfomance for Q3FY18"".","08-Feb-2018 23:24:00","2018-02-08 23:24:00","-","-","https://nsearchives.nseindia.com/corporate/ParagMilkFoodsLtdInvestorReleaseQ3FY18_08022018232434_160.zip"
"PARAGMILK","Parag Milk Foods Limited","Financial Result Updates","Parag Milk Foods Limited has submitted to the Exchange, the financial results for the period ended December 31, 2017.","08-Feb-2018 19:52:28","2018-02-08 19:52:28","-","-","https://nsearchives.nseindia.com/corporate/ParagMilkFoodsFinancialResultsforQtrand9Monthsended31Dec2017_08022018195228.zip"
"PARAGMILK","Parag Milk Foods Limited","Outcome of Board Meeting","Parag Milk Foods Limited has informed the Exchange regarding Outcome of Board Meeting held on February 08, 2018.","08-Feb-2018 19:40:00","2018-02-08 19:40:00","-","-","https://nsearchives.nseindia.com/corporate/ParagMilkFoodsLtdOutcomeofBoardMeetingHeldon8Feb2018_08022018194013_111.zip"
"PARAGMILK","Parag Milk Foods Limited","Analysts/Institutional Investor Meet/Con. Call Updates","Parag Milk Foods Limited has informed the Exchange regarding Analysts/Institutional Investor Meet/Con. Call Updates","02-Feb-2018 12:57:00","2018-02-02 12:57:00","-","-","https://nsearchives.nseindia.com/corporate/ParagMilkFoodsLtdIntimationofConferenceCallonQ3and9MFY18Results_02022018125719_159.zip"
"PARAGMILK","Parag Milk Foods Limited","Analysts/Institutional Investor Meet/Con. Call Updates","Parag Milk Foods Limited has informed the Exchange regarding Analysts/Institutional Investor Meet/Con. Call Updates","23-Jan-2018 15:10:00","2018-01-23 15:10:00","-","-","https://nsearchives.nseindia.com/corporate/ParagMilkFoodsLtdIntimationofInvestorAnalystMeetingsheldon22Jan2018_23012018151034_577.zip"
"PARAGMILK","Parag Milk Foods Limited","News Clarification","Parag Milk Foods Limited has informed the Exchange regarding '' News Clarification-""Parag Milk expects dip in revenue growth over next 3 years"".","22-Jan-2018 11:32:00","2018-01-22 11:32:00","-","-","https://nsearchives.nseindia.com/corporate/ParagMilkFoodsLtdNewsClarification_22012018113255_988.zip"
"PARAGMILK","Parag Milk Foods Limited","Analysts/Institutional Investor Meet/Con. Call Updates","Parag Milk Foods Limited has informed the Exchange regarding Analysts/Institutional Investor Meet/Con. Call Updates","22-Jan-2018 11:31:00","2018-01-22 11:31:00","-","-","https://nsearchives.nseindia.com/corporate/ParagMilkFoodsLtdIntimationofInvestorsvisittotheMancharPlanton20Jan2018_22012018113121_987.zip"
"PARAGMILK","Parag Milk Foods Limited","Investor Presentation","Parag Milk Foods Limited has informed the Exchange regarding Investor Presentation","17-Jan-2018 08:58:00","2018-01-17 08:58:00","-","-","https://nsearchives.nseindia.com/corporate/ParagMilkFoodsLtdInvestorPresentation_17012018085827_007.zip"
"PARAGMILK","Parag Milk Foods Limited","Updates","Parag Milk Foods Limited has informed the Exchange regarding 'Parag Milk Foods Limited Intimation under Regulation 30 of SEBI (Listing Obligations and Disclosure Requirements ) Regulations,2015'.","05-Jan-2018 09:49:00","2018-01-05 09:49:00","-","-","https://nsearchives.nseindia.com/corporate/ParagMilkFoodsLtdIntimationUnderReg30ofSebiLodrRegulations2015_05012018094937_006.zip"
"PARAGMILK","Parag Milk Foods Limited","Analysts/Institutional Investor Meet/Con. Call Updates","Parag Milk Foods Limited has informed the Exchange regarding Analysts/Institutional Investor Meet/Con. Call Updates","04-Jan-2018 12:08:00","2018-01-04 12:08:00","-","-","https://nsearchives.nseindia.com/corporate/ParagMilkFoodsLtdIntimationofInvestorMeetingHeldon3rdJanuary2018_04012018120849_325.zip"
"PARAGMILK","Parag Milk Foods Limited","Analysts/Institutional Investor Meet/Con. Call Updates","Parag Milk Foods Limited has informed the Exchange regarding Analysts/Institutional Investor Meet/Con. Call Updates","13-Dec-2017 18:35:00","2017-12-13 18:35:00","-","-","https://nsearchives.nseindia.com/corporate/ParagMilkFoodsLtdIntimationtoStockExchangesofAnalystMeetingson13Dec17_13122017183518_944.zip"
"PARAGMILK","Parag Milk Foods Limited","Press Release","Parag Milk Foods Limited has informed the Exchange regarding a press release dated December 11, 2017, titled ""Parag Milk Foods Limited Investor Release on Tie Up with Taj Group"".","11-Dec-2017 11:30:00","2017-12-11 11:30:00","-","-","https://nsearchives.nseindia.com/corporate/ParagMilkFoodsLtdInvestorReleaseonTieWithTajGroup_11122017113016_089.zip"
"PARAGMILK","Parag Milk Foods Limited","Analysts/Institutional Investor Meet/Con. Call Updates","Parag Milk Foods Limited has informed the Exchange regarding Analysts/Institutional Investor Meet/Con. Call Updates","05-Dec-2017 11:46:00","2017-12-05 11:46:00","-","-","https://nsearchives.nseindia.com/corporate/ParagMilkFoodsLtdEarningsCallTranscriptQ2FY18_05122017114609_291.zip"
"PARAGMILK","Parag Milk Foods Limited","Analysts/Institutional Investor Meet/Con. Call Updates","Parag Milk Foods Limited has informed the Exchange regarding Analysts/Institutional Investor Meet/Con. Call Updates","23-Nov-2017 14:04:00","2017-11-23 14:04:00","-","-","https://nsearchives.nseindia.com/corporate/ParagMilkFoodsLtdAnalystorInstitutionalInvestorMeetingHeldon17Nov2017_23112017140422_516.zip"
"PARAGMILK","Parag Milk Foods Limited","Press Release","Parag Milk Foods Limited has informed the Exchange regarding a press release dated November 07, 2017, titled ""Parag Milk Foods Limited Investor Release on Government of Maharashtra Approved Package Scheme of Incentives for Mega Project at Manchar, Maharashtra ."".","07-Nov-2017 14:52:00","2017-11-07 14:52:00","-","-","https://nsearchives.nseindia.com/corporate/ParagMilkFoodsLtdInvestorReleaseonMegaProjectatManchar_07112017145224_191.zip"
"PARAGMILK","Parag Milk Foods Limited","Investor Presentation","Parag Milk Foods Limited has informed the Exchange regarding Investor Presentation","07-Nov-2017 11:13:00","2017-11-07 11:13:00","-","-","https://nsearchives.nseindia.com/corporate/ParagMilkFoodsLtdInvestorPresentationofQ2FY18Results_07112017111339_059.zip"
"PARAGMILK","Parag Milk Foods Limited","Appointment","Parag Milk Foods Limited has informed the Exchange regarding Appointment of Mr Vimal Agarwal as Chief Financial Officer of the company w.e.f. December 21, 2017.","07-Nov-2017 10:44:00","2017-11-07 10:44:00","-","-","https://nsearchives.nseindia.com/corporate/ParagMilkFoodsLtdIntimationunderReg30ofSebiLodrRegulations2015_07112017104427_048.zip"
"PARAGMILK","Parag Milk Foods Limited","Press Release","Parag Milk Foods Limited has informed the Exchange regarding a press release dated November 06, 2017, titled "" Parag Milk Foods Limited Investor Release on Results for Q2Fy18"".","06-Nov-2017 13:22:00","2017-11-06 13:22:00","-","-","https://nsearchives.nseindia.com/corporate/ParagMilkFoodsInvestorReleasesep2017_06112017132254_106.zip"
"PARAGMILK","Parag Milk Foods Limited","Financial Result Updates","Parag Milk Foods Limited has submitted to the Exchange, the financial results for the period ended September 30, 2017.","06-Nov-2017 13:14:08","2017-11-06 13:14:08","-","-","https://nsearchives.nseindia.com/corporate/ParagMilkFoodsLtdResultsforQtrHalfyearended30Sep2017_06112017131408.zip"
"PARAGMILK","Parag Milk Foods Limited","Analysts/Institutional Investor Meet/Con. Call Updates","Parag Milk Foods Limited has informed the Exchange regarding Analysts/Institutional Investor Meet/Con. Call Updates","06-Nov-2017 12:46:00","2017-11-06 12:46:00","-","-","https://nsearchives.nseindia.com/corporate/ParagMilkFoodsLtdInviteforConferenceCallonResultsforQtrEnded30Sep2017_06112017124640_073.zip"
"PARAGMILK","Parag Milk Foods Limited","Outcome of Board Meeting","Parag Milk Foods Limited has informed the Exchange regarding Outcome of Board Meeting held on November 06, 2017.","06-Nov-2017 12:39:00","2017-11-06 12:39:00","-","-","https://nsearchives.nseindia.com/corporate/ParagMilkFoodslLtdOutcomeofBoardMeetingHeldOn6Nov2017_06112017123911_069.zip"
"PARAGMILK","Parag Milk Foods Limited","Press Release","Parag Milk Foods Limited has informed the Exchange regarding a press release dated October 26, 2017, titled ""Parag Milk Foods Ltd  Press release   on Avvatar- India��s 1st whey protein Digital Film"".","26-Oct-2017 13:18:00","2017-10-26 13:18:00","-","-","https://nsearchives.nseindia.com/corporate/ParagMilkFoodsLtdIntimationofPressRelease_26102017131807_117.zip"
"PARAGMILK","Parag Milk Foods Limited","Analysts/Institutional Investor Meet/Con. Call Updates","Parag Milk Foods Limited has informed the Exchange regarding Analysts/Institutional Investor Meet/Con. Call Updates","10-Oct-2017 17:32:00","2017-10-10 17:32:00","-","-","https://nsearchives.nseindia.com/corporate/ParagMilkFoodsLtdIntimationofAnalystMeetingHeldon9Oct2017_10102017173234_227.zip"
"PARAGMILK","Parag Milk Foods Limited","Analysts/Institutional Investor Meet/Con. Call Updates","Parag Milk Foods Limited has informed the Exchange regarding Analysts/Institutional Investor Meet/Con. Call Updates","05-Oct-2017 16:25:00","2017-10-05 16:25:00","-","-","https://nsearchives.nseindia.com/corporate/ParagMilkFoodsLtdIntimationofInvestorMeetingsHeldon5Oct2017_05102017162508_188.zip"
"PARAGMILK","Parag Milk Foods Limited","Analysts/Institutional Investor Meet/Con. Call Updates","Parag Milk Foods Limited has informed the Exchange regarding Analysts/Institutional Investor Meet/Con. Call Updates","05-Oct-2017 16:23:00","2017-10-05 16:23:00","-","-","https://nsearchives.nseindia.com/corporate/ParagMilkFoodsLtdIntimationofInvestorMeetHeldon25Sep2017_05102017162349_185.zip"
"PARAGMILK","Parag Milk Foods Limited","Analysts/Institutional Investor Meet/Con. Call Updates","Parag Milk Foods Limited has informed the Exchange regarding Analysts/Institutional Investor Meet/Con. Call Updates","13-Sep-2017 15:38:00","2017-09-13 15:38:00","-","-","https://nsearchives.nseindia.com/corporate/ParagMilkFoodsLtdIntimationofInvestorMeetingsHeldon12Sep2017_13092017153825_560.zip"
"PARAGMILK","Parag Milk Foods Limited","Shareholders meeting","Parag Milk Foods Limited has informed the Exchange with copy of minutes of  Annual General Meeting held on August 09, 2017","09-Sep-2017 09:08:00","2017-09-09 09:08:00","-","-","https://nsearchives.nseindia.com/corporate/ParagMilkFoodsLtdMinutesof25thAnnualGeneralMeeting_09092017090832_502.zip"
"PARAGMILK","Parag Milk Foods Limited","Analysts/Institutional Investor Meet/Con. Call Updates","Parag Milk Foods Limited has informed the Exchange regarding Analysts/Institutional Investor Meet/Con. Call Updates","07-Sep-2017 14:16:00","2017-09-07 14:16:00","-","-","https://nsearchives.nseindia.com/corporate/ParagMilkFoodsLtdIntimationOfAnalystMeetingsHeldon06Sep2017_07092017141619_289.zip"
"PARAGMILK","Parag Milk Foods Limited","Analysts/Institutional Investor Meet/Con. Call Updates","Parag Milk Foods Limited has informed the Exchange regarding Analysts/Institutional Investor Meet/Con. Call Updates","04-Sep-2017 14:21:00","2017-09-04 14:21:00","-","-","https://nsearchives.nseindia.com/corporate/ParagMilkFoodsLtdIntimationofAnalystMeetingsHeldon31Aug2017_04092017142120_272.zip"
"PARAGMILK","Parag Milk Foods Limited","Analysts/Institutional Investor Meet/Con. Call Updates","Parag Milk Foods Limited has informed the Exchange regarding Analysts/Institutional Investor Meet/Con. Call Updates","24-Aug-2017 13:24:00","2017-08-24 13:24:00","-","-","https://nsearchives.nseindia.com/corporate/ParagmilkfoodslimitedIntimationofInvestorMeetason23Aug2017_24082017132447_048.zip"
"PARAGMILK","Parag Milk Foods Limited","Shareholders meeting","Parag Milk Foods Limited has informed the Exchange regarding Proceedings of Annual General Meeting held on August 09, 2017","11-Aug-2017 21:22:00","2017-08-11 21:22:00","-","-","https://nsearchives.nseindia.com/corporate/ParagMilkFoodsLtdProceedingsofthe25thAnnualGeneralMeetingoftheCompany_11082017212245_010.zip"
"PARAGMILK","Parag Milk Foods Limited","Investor Presentation","Parag Milk Foods Limited has informed the Exchange regarding Investor Presentation","11-Aug-2017 08:52:00","2017-08-11 08:52:00","-","-","https://nsearchives.nseindia.com/corporate/ParagMilkFoodsLtdInvestorPresentationQ1FY18_11082017085226_052.zip"
"PARAGMILK","Parag Milk Foods Limited","Shareholders meeting","Parag Milk Foods Limited has submitted the Exchange a copy Srutinizers report of  Annual General Meeting held on August 09, 2017. Further, the company has informed the Exchange regarding voting results.","10-Aug-2017 19:25:00","2017-08-10 19:25:00","-","-","https://nsearchives.nseindia.com/corporate/ParagMilkFoodsLtd25thAGMVotingResults_10082017192557_386.zip"
"PARAGMILK","Parag Milk Foods Limited","Analysts/Institutional Investor Meet/Con. Call Updates","Parag Milk Foods Limited has informed the Exchange regarding Analysts/Institutional Investor Meet/Con. Call Updates","09-Aug-2017 20:03:00","2017-08-09 20:03:00","-","-","https://nsearchives.nseindia.com/corporate/ParagMilkFoodsLtdIntimationofConferenceCallonQ12017-18Results_09082017200301_615.zip"
"PARAGMILK","Parag Milk Foods Limited","Financial Result Updates","Parag Milk Foods Limited has submitted to the Exchange, the financial results for the period ended June 30, 2017.","09-Aug-2017 19:59:23","2017-08-09 19:59:23","-","-","https://nsearchives.nseindia.com/corporate/ParagMilkFoodsLtdIntimationofOutcomeofBoardMeetingheldon9Aug17_09082017195923.zip"
"PARAGMILK","Parag Milk Foods Limited","Outcome of Board Meeting","Parag Milk Foods Limited has informed the Exchange regarding Outcome of Board Meeting held on August 09, 2017.","09-Aug-2017 19:55:00","2017-08-09 19:55:00","-","-","https://nsearchives.nseindia.com/corporate/ParagMilkFoodsLtdIntimationofOutcomeofBoardMeetingheldon9Aug17_09082017195538_611.zip"
"PARAGMILK","Parag Milk Foods Limited","Press Release","Parag Milk Foods Limited has informed the Exchange regarding a press release dated July 22, 2017, titled ""Parag Milk Foods ranked No. 1 in Fortune India The Next 500"".","22-Jul-2017 12:22:00","2017-07-22 12:22:00","-","-","https://nsearchives.nseindia.com/corporate/ParagMilkFoodsLtdIntimationunderReg30ofSebiLodrRegulations2015_22072017122224_962.zip"
"PARAGMILK","Parag Milk Foods Limited","Shareholders meeting","Parag Milk Foods Limited has informed the Exchange regarding Notice of Annual General Meeting to be held on August 09, 2017","19-Jul-2017 11:55:00","2017-07-19 11:55:00","-","-","https://nsearchives.nseindia.com/corporate/ParagMilkFoodsLtdUpdated25thAGMNotice_19072017115551_088.zip"
"PARAGMILK","Parag Milk Foods Limited","Analysts/Institutional Investor Meet/Con. Call Updates","Parag Milk Foods Limited has informed the Exchange regarding Analysts/Institutional Investor Meet/Con. Call Updates","18-Jul-2017 23:31:00","2017-07-18 23:31:00","-","-","https://nsearchives.nseindia.com/corporate/ParagMillkFoodsLtdIntimationofPlantvisitbyAnalyston17July17_18072017233110_006.zip"
"PARAGMILK","Parag Milk Foods Limited","Book Closure","Parag Milk Foods Limited has informed the Exchange that the Register of Members & Share Transfer Books of the Company will remain closed from August 3, 2017 to August 9, 2017 (both days inclusive) for the purpose of Dividend","18-Jul-2017 14:49:00","2017-07-18 14:49:00","-","-","https://nsearchives.nseindia.com/corporate/ParagMilkFoodsLtdIntimationof25thAGMEVotingandBookClosure_18072017144903.zip"
"PARAGMILK","Parag Milk Foods Limited","Shareholders meeting","Parag Milk Foods Limited has informed the Exchange regarding Notice of Annual General Meeting to be held on August 09, 2017","17-Jul-2017 18:41:00","2017-07-17 18:41:00","-","-","https://nsearchives.nseindia.com/corporate/ParagMilkFoodsLtdIntimationof25thAGMEVotingandBookClosure_17072017184114_037.zip"
"PARAGMILK","Parag Milk Foods Limited","Credit Rating","Parag Milk Foods Limited has informed the Exchange regarding Credit Rating","12-Jul-2017 18:42:00","2017-07-12 18:42:00","-","-","https://nsearchives.nseindia.com/corporate/ParagMilkFoodsLtdasperReg30onRevisioninCreditRatings_12072017184250_291.zip"
"PARAGMILK","Parag Milk Foods Limited","Resignation","Parag Milk Foods Limited has informed the Exchange regarding Resignation of Mr Bharat Kedia as Chief Financial Officer and Key Managerial Personnel of the company w.e.f. July 10, 2017.","12-Jul-2017 08:04:00","2017-07-12 08:04:00","-","-","https://nsearchives.nseindia.com/corporate/ParagMilkFoodsMilk-IntimationUnderReg30(6)OfSEBI_12072017080434_001.zip"
"PARAGMILK","Parag Milk Foods Limited","Analysts/Institutional Investor Meet/Con. Call Updates","Parag Milk Foods Limited has informed the Exchange regarding Analysts/Institutional Investor Meet/Con. Call Updates","06-Jul-2017 15:14:00","2017-07-06 15:14:00","-","-","https://nsearchives.nseindia.com/corporate/ParagMilkFoodsLtd-IntimationOfInvestorMeet5thJuly2017_06072017151432_184.zip"
"PARAGMILK","Parag Milk Foods Limited","Analysts/Institutional Investor Meet/Con. Call Updates","Parag Milk Foods Limited has informed the Exchange regarding Analysts/Institutional Investor Meet/Con. Call Updates","27-Jun-2017 12:57:00","2017-06-27 12:57:00","-","-","https://nsearchives.nseindia.com/corporate/ParagMilkFoodsLtdIntimationofRoadshowHeldinHongKongOn23June17_27062017125722_004.zip"
"PARAGMILK","Parag Milk Foods Limited","Analysts/Institutional Investor Meet/Con. Call Updates","Parag Milk Foods Limited has informed the Exchange regarding Analysts/Institutional Investor Meet/Con. Call Updates","23-Jun-2017 14:53:00","2017-06-23 14:53:00","-","-","https://nsearchives.nseindia.com/corporate/ParagMilkFoodsLtdIntimationofRoadshowsHeldinSingaporeOn22June17_23062017145312_388.zip"
"PARAGMILK","Parag Milk Foods Limited","Analysts/Institutional Investor Meet/Con. Call Updates","Parag Milk Foods Limited has informed the Exchange regarding Analysts/Institutional Investor Meet/Con. Call Updates","20-Jun-2017 15:41:00","2017-06-20 15:41:00","-","-","https://nsearchives.nseindia.com/corporate/ParagMilkFoodsLtd-IntimationofInvestorMeet_20062017154123_416.zip"
"PARAGMILK","Parag Milk Foods Limited","Analysts/Institutional Investor Meet/Con. Call Updates","Parag Milk Foods Limited has informed the Exchange regarding Analysts/Institutional Investor Meet/Con. Call Updates","17-Jun-2017 10:33:00","2017-06-17 10:33:00","-","-","https://nsearchives.nseindia.com/corporate/ParagMilkFoodsLtdIntimationofAnalystMeet16thJune2017_17062017103333_744.zip"
"PARAGMILK","Parag Milk Foods Limited","Analysts/Institutional Investor Meet/Con. Call Updates","Parag Milk Foods Limited has informed the Exchange regarding Analysts/Institutional Investor Meet/Con. Call Updates","14-Jun-2017 18:24:00","2017-06-14 18:24:00","-","-","https://nsearchives.nseindia.com/corporate/ParagMilkFoodsLtdIntimationofAnalystMeeton14June2017_14062017182449_107.zip"
"PARAGMILK","Parag Milk Foods Limited","Analysts/Institutional Investor Meet/Con. Call Updates","Parag Milk Foods Limited has informed the Exchange regarding Analysts/Institutional Investor Meet/Con. Call Updates","12-Jun-2017 17:42:00","2017-06-12 17:42:00","-","-","https://nsearchives.nseindia.com/corporate/ParagMilkFoodsLtdIntimationofAnalystMeetheldinNewYorkinJune17_12062017174243_418.zip"
"PARAGMILK","Parag Milk Foods Limited","Analysts/Institutional Investor Meet/Con. Call Updates","Parag Milk Foods Limited has informed the Exchange regarding Analysts/Institutional Investor Meet/Con. Call Updates","12-Jun-2017 17:42:00","2017-06-12 17:42:00","-","-","https://nsearchives.nseindia.com/corporate/ParagMilkFoodsLtdIntimationofAnalystMeetheldinJune17_12062017174244_419.zip"
"PARAGMILK","Parag Milk Foods Limited","Analysts/Institutional Investor Meet/Con. Call Updates","Parag Milk Foods Limited has informed the Exchange regarding Analysts/Institutional Investor Meet/Con. Call Updates","08-Jun-2017 15:15:00","2017-06-08 15:15:00","-","-","https://nsearchives.nseindia.com/corporate/ParagMilkFoodsLtdIntimationofAnalystMeetheldon7June17_08062017151549_168.zip"
"PARAGMILK","Parag Milk Foods Limited","Analysts/Institutional Investor Meet/Con. Call Updates","Parag Milk Foods Limited has informed the Exchange regarding Analysts/Institutional Investor Meet/Con. Call Updates","07-Jun-2017 18:29:00","2017-06-07 18:29:00","-","-","https://nsearchives.nseindia.com/corporate/ParagMilkFoodsLtdIntimationtoStockExchangesofAnalystMeetheldon6June17_07062017182912_640.zip"
"PARAGMILK","Parag Milk Foods Limited","Reply to Clarification Sought",":The Exchange had sought clarification from Parag Milk Foods Limited with respect to announcement dated 30-May-2017, regarding Outcome of Board Meeting held on May 29, 2017. On basis of above the Company is required to clarify following: 1. Brief profile (in case of appointment); The response of the Company is enclosed.","05-Jun-2017 14:06:00","2017-06-05 14:06:00","-","-","https://nsearchives.nseindia.com/corporate/PARAGMILK_Reply_05062017140641.zip"
"PARAGMILK","Parag Milk Foods Limited","Outcome of Board Meeting","Parag Milk Foods Limited has informed the Exchange regarding Outcome of Board Meeting held on May 29, 2017. Reply to Clarification.","05-Jun-2017 14:02:00","2017-06-05 14:02:00","-","-","https://nsearchives.nseindia.com/corporate/ParagMilkFoodsLtdReplytoClarificationonOutcomeofBoardMeeting_05062017140242_441.zip"
"PARAGMILK","Parag Milk Foods Limited","Analysts/Institutional Investor Meet/Con. Call Updates","Parag Milk Foods Limited has informed the Exchange regarding Analysts/Institutional Investor Meet/Con. Call Updates","01-Jun-2017 18:38:00","2017-06-01 18:38:00","-","-","https://nsearchives.nseindia.com/corporate/ParagMilkFoodsLtdIntimationofAnalystMeeton31May17_01062017183837_892.zip"
"PARAGMILK","Parag Milk Foods Limited","Investor Presentation","Parag Milk Foods Limited has informed the Exchange regarding Investor Presentation Q4FY17","01-Jun-2017 13:47:00","2017-06-01 13:47:00","-","-","https://nsearchives.nseindia.com/corporate/ParagMilkFoodsLtdQ4FY17InvestorPresentation_01062017134717_579.zip"
"PARAGMILK","Parag Milk Foods Limited","Clarification","PARAGMILK:The Exchange has sought clarification from Parag Milk Foods Limited with respect to announcement dated 30-May-2017, regarding Outcome of Board Meeting held on May 29, 2017. On basis of above the Company is required to clarify following: 1. Brief profile (in case of appointment);The response of the Company is awaited.","31-May-2017 19:54:00","2017-05-31 19:54:00","-","-","-"
"PARAGMILK","Parag Milk Foods Limited","Analysts/Institutional Investor Meet/Con. Call Updates","Parag Milk Foods Limited has informed the Exchange regarding Analysts/Institutional Investor Meet/Con. Call Updates","30-May-2017 16:26:00","2017-05-30 16:26:00","-","-","https://nsearchives.nseindia.com/corporate/ParagMilkFoodsLtdResultUpdateQ4FY17_30052017162602_061.zip"
"PARAGMILK","Parag Milk Foods Limited","Outcome of Board Meeting","Parag Milk Foods Limited has informed the Exchange regarding Outcome of Board Meeting held on May 29, 2017.","30-May-2017 12:03:00","2017-05-30 12:03:00","-","-","https://nsearchives.nseindia.com/corporate/ParagMilkFoodsLtdOutcomeofBoardMeetingHeldon29May2017_30052017120355.zip"
"PARAGMILK","Parag Milk Foods Limited","Investor Presentation","Parag Milk Foods Limited has informed the Exchange regarding Investor Presentation","30-May-2017 10:35:00","2017-05-30 10:35:00","-","-","https://nsearchives.nseindia.com/corporate/ParagMIlkFoodLimitedInvestorPresentation_30052017103537_659.zip"
"PARAGMILK","Parag Milk Foods Limited","Investor Presentation","Parag Milk Foods Limited has informed the Exchange regarding Investor Presentation","30-May-2017 10:24:00","2017-05-30 10:24:00","-","-","https://nsearchives.nseindia.com/corporate/ParagMilkFoodsLtdIntimationofAnalystMeetintheRoadshowsheldinMarch2017_30052017102417_651.zip"
"PARAGMILK","Parag Milk Foods Limited","Financial Result Updates","Parag Milk Foods Limited has submitted to the Exchange, the financial results for the period ended March 31, 2017.","29-May-2017 21:12:43","2017-05-29 21:12:43","-","-","https://nsearchives.nseindia.com/corporate/ParagMilkFoodsLtdAuditedResultsofYearEnded31March2017_29052017211243.zip"
"PARAGMILK","Parag Milk Foods Limited","Dividend","Parag Milk Foods Limited has informed the Exchange that Board of Directors at its meeting held on May 29, 2017, recommended Final Dividend of Rs. 0.50 per equity share.","29-May-2017 21:03:00","2017-05-29 21:03:00","-","-","https://nsearchives.nseindia.com/corporate/ParagMilkFoodsLtdOutcomeofBoardMeetingHeldon29May2017_29052017210316_528.zip"
"PARAGMILK","Parag Milk Foods Limited","Analysts/Institutional Investor Meet/Con. Call Updates","Parag Milk Foods Limited has informed the Exchange regarding Analysts/Institutional Investor Meet/Con. Call Updates","29-May-2017 12:17:00","2017-05-29 12:17:00","-","-","https://nsearchives.nseindia.com/corporate/ParagMilkFoodsLtdIntimationofConferenceCallon30May17onQ4FY17_29052017121727_684.zip"
"PARAGMILK","Parag Milk Foods Limited","Updates","Parag Milk Foods Limited has informed the Exchange regarding a""New Product Launch ""Slurp"".","05-May-2017 16:10:00","2017-05-05 16:10:00","-","-","https://nsearchives.nseindia.com/corporate/ParagMilkFoodsLtdProductLaunchunderReg30ofSEBIListingReg2015_05052017161012_199.zip"
"PARAGMILK","Parag Milk Foods Limited","Analysts/Institutional Investor Meet/Con. Call Updates","Parag Milk Foods Limited has informed the Exchange regarding Analysts/Institutional Investor Meet/Con. Call Updates","25-Apr-2017 18:29:00","2017-04-25 18:29:00","-","-","https://nsearchives.nseindia.com/corporate/ParagMilkFoodsLtdIntimationofAnalystMeetheldon25April2017_25042017182925_383.zip"
"PARAGMILK","Parag Milk Foods Limited","Disc. under Reg.30 of SEBI (SAST) Reg.2011","Parag Milk Foods Limited has submitted to the Exchange a copy of disclosure under Regulation 30(1) and 30(2) of SEBI (Substantial Acquisition of Shares & Takeovers) Regulations, 2011.","12-Apr-2017 14:47:00","2017-04-12 14:47:00","-","-","https://nsearchives.nseindia.com/corporate/PARAG_12042017144706.zip"
"PARAGMILK","Parag Milk Foods Limited","Analysts/Institutional Investor Meet/Con. Call Updates","Parag Milk Foods Limited has informed the Exchange regarding Analysts/Institutional Investor Meet/Con. Call Updates","11-Apr-2017 18:46:00","2017-04-11 18:46:00","-","-","https://nsearchives.nseindia.com/corporate/ParagMilkFoodsLtdIntimationOfInvestorMeet11thApril2017_11042017184617_663.zip"
"PARAGMILK","Parag Milk Foods Limited","Disc. under Reg.30 of SEBI (SAST) Reg.2011","Parag Milk Foods Limited has submitted on behalf of Promoter to the Exchange the disclosure under regulation 30(1) and 30(2) of SEBI(SAST)Regulations, 2011.","10-Apr-2017 11:02:00","2017-04-10 11:02:00","-","-","https://nsearchives.nseindia.com/corporate/Paragmilk_10042017110225.zip"
"PARAGMILK","Parag Milk Foods Limited","Analysts/Institutional Investor Meet/Con. Call Updates","Parag Milk Foods Limited has informed the Exchange regarding Analysts/Institutional Investor Meet/Con. Call Updates","22-Mar-2017 18:43:00","2017-03-22 18:43:00","-","-","https://nsearchives.nseindia.com/corporate/ParagMilkFoodsLtdIntimationOfInvestorMeet_22032017184336_074.zip"
"PARAGMILK","Parag Milk Foods Limited","Analysts/Institutional Investor Meet/Con. Call Updates","Parag Milk Foods Limited has informed the Exchange regarding Analysts/Institutional Investor Meet/Con. Call Updates","14-Mar-2017 15:49:00","2017-03-14 15:49:00","-","-","https://nsearchives.nseindia.com/corporate/ParagMilkFoodsLtdintimationofMancharPlantVisiton10March17_14032017154926_029.zip"
"PARAGMILK","Parag Milk Foods Limited","Analysts/Institutional Investor Meet/Con. Call Updates","Parag Milk Foods Limited has informed the Exchange regarding Analysts/Institutional Investor Meet/Con. Call Updates","08-Mar-2017 18:10:00","2017-03-08 18:10:00","-","-","https://nsearchives.nseindia.com/corporate/ParagMilkFoodsLtdIntimationofAnalystMeetintheRoadshowsheldinMarch2017_08032017181000_632.zip"
"PARAGMILK","Parag Milk Foods Limited","Analysts/Institutional Investor Meet/Con. Call Updates","Parag Milk Foods Limited has informed the Exchange regarding Analysts/Institutional Investor Meet/Con. Call Updates","03-Mar-2017 16:02:00","2017-03-03 16:02:00","-","-","https://nsearchives.nseindia.com/corporate/IntimationofAnalystInvestorMeeton2March3March2017_03032017160228_998.zip"
"PARAGMILK","Parag Milk Foods Limited","Analysts/Institutional Investor Meet/Con. Call Updates","Parag Milk Foods Limited has informed the Exchange regarding Analysts/Institutional Investor Meet/Con. Call Updates","28-Feb-2017 17:03:00","2017-02-28 17:03:00","-","-","https://nsearchives.nseindia.com/corporate/IntimationofAnalystInvestorMeetFeb242017_28022017170309_213.zip"
"PARAGMILK","Parag Milk Foods Limited","Analysts/Institutional Investor Meet/Con. Call Updates","Parag Milk Foods Limited has informed the Exchange regarding Analysts/Institutional Investor Meet/Con. Call Updates","24-Feb-2017 13:17:00","2017-02-24 13:17:00","-","-","https://nsearchives.nseindia.com/corporate/ParagMilkFoodsLtdIntimationofAnalystMeeton23Feb2017_24022017131713_491.zip"
"PARAGMILK","Parag Milk Foods Limited","Analysts/Institutional Investor Meet/Con. Call Updates","Parag Milk Foods Limited has informed the Exchange regarding Intimation of Manchar Plant visit by Analyst/Institutional Investors.","17-Feb-2017 16:01:00","2017-02-17 16:01:00","-","-","https://nsearchives.nseindia.com/corporate/IntimationOfMancharPlantVisitbyInvestors17thFeb2017_17022017160151_590.zip"
"PARAGMILK","Parag Milk Foods Limited","Analysts/Institutional Investor Meet/Con. Call Updates","Parag Milk Foods Limited has informed the Exchange regarding Analysts/Institutional Investor Meet/Con. Call Updates","17-Feb-2017 11:57:00","2017-02-17 11:57:00","-","-","https://nsearchives.nseindia.com/corporate/IntimationofAnalystInvestorMeeting16Feb2017_17022017115748_468.zip"
"PARAGMILK","Parag Milk Foods Limited","Analysts/Institutional Investor Meet/Con. Call Updates","Parag Milk Foods Limited has informed the Exchange regarding Analysts/Institutional Investor Meet/Con. Call Updates","15-Feb-2017 11:30:00","2017-02-15 11:30:00","-","-","https://nsearchives.nseindia.com/corporate/ParagMilkFoodsLtdIntimationofRevisedConcallforQ3and9MnthResults_15022017113021_185.zip"
"PARAGMILK","Parag Milk Foods Limited","Investor Presentation","Parag Milk Foods Limited has informed the Exchange regarding Investor Presentation","15-Feb-2017 09:33:00","2017-02-15 09:33:00","-","-","https://nsearchives.nseindia.com/corporate/ParagMilkFoodsLtdInvestorPresentationQ3and9MFY17_15022017093325_142.zip"
"PARAGMILK","Parag Milk Foods Limited","Analysts/Institutional Investor Meet/Con. Call Updates","Parag Milk Foods Limited has informed the Exchange regarding Analysts/Institutional Investor Meet/Con. Call Updates","14-Feb-2017 17:54:00","2017-02-14 17:54:00","-","-","https://nsearchives.nseindia.com/corporate/ParagMilkFoodsLtdIntimationofConferenceCallonQ3Fy17_14022017175414_345.zip"
"PARAGMILK","Parag Milk Foods Limited","Financial Result Updates","Parag Milk Foods Limited has submitted to the Exchange, the financial results for the period ended December 31, 2016.","14-Feb-2017 17:51:43","2017-02-14 17:51:43","-","-","https://nsearchives.nseindia.com/corporate/ParagMilkFoodsLtdOutcomeofBoardMeetingheldon14Feb2017_14022017175143.zip"
"PARAGMILK","Parag Milk Foods Limited","Analysts/Institutional Investor Meet/Con. Call Updates","Parag Milk Foods Limited has informed the Exchange regarding Analysts/Institutional Investor Meet/Con. Call Updates","07-Feb-2017 15:51:00","2017-02-07 15:51:00","-","-","https://nsearchives.nseindia.com/corporate/ParagMilkFoodsLtdAnalystMeeton03Feb2017_07022017155119_350.zip"
"PARAGMILK","Parag Milk Foods Limited","Updates","Parag Milk Foods Limited has informed the Exchange regarding Launching of Absolute Whey Protein under the Brand ""Avataar"".","03-Feb-2017 08:25:00","2017-02-03 08:25:00","-","-","https://nsearchives.nseindia.com/corporate/ParagMilkFoodsLtdIntimationofProductLaunch_03022017082507_038.zip"
"PARAGMILK","Parag Milk Foods Limited","Analysts/Institutional Investor Meet/Con. Call Updates","Parag Milk Foods Limited has informed the Exchange regarding Analysts/Institutional Investor Meet/Con. Call Updates","19-Jan-2017 17:39:00","2017-01-19 17:39:00","-","-","https://nsearchives.nseindia.com/corporate/ParagMilkFoodsLtdIntimationofAnalystMeetheldon18Jan2017_19012017173918_333.zip"
"PARAGMILK","Parag Milk Foods Limited","Analysts/Institutional Investor Meet/Con. Call Updates","Parag Milk Foods Limited has informed the Exchange regarding Analysts/Institutional Investor Meet/Con. Call Updates","16-Jan-2017 10:39:00","2017-01-16 10:39:00","-","-","https://nsearchives.nseindia.com/corporate/ParagMilkFoodsLtdIntimationofMancharPlantvistbyInstitutions_16012017103916_093.zip"
"PARAGMILK","Parag Milk Foods Limited","Investor Presentation","Parag Milk Foods Limited has informed the Exchange regarding Investor Presentation","12-Jan-2017 15:30:00","2017-01-12 15:30:00","-","-","https://nsearchives.nseindia.com/corporate/ParagMilkfoodsLtdInvestrsPresentationinUKJan2017_12012017153012_219.zip"
"PARAGMILK","Parag Milk Foods Limited","Analysts/Institutional Investor Meet/Con. Call Updates","Parag Milk Foods Limited has informed the Exchange regarding Analysts/Institutional Investor Meet/Con. Call Updates","12-Jan-2017 15:24:00","2017-01-12 15:24:00","-","-","https://nsearchives.nseindia.com/corporate/ParagMilkFoodsLtdIntimationofInvestorsMeetingsheldinJanuary2017_12012017152445_218.zip"
"PARAGMILK","Parag Milk Foods Limited","Updates","Parag Milk Foods Limited has informed the Exchange that Sales Tax Authorities had pursuant to Section 64 of Maharashtra Value Added Tax Act, 2002 , conducted an inspection at the offices of M/s Parag Milk Foods Limited (""the Company"") at the Registered Office at Pune , at Company's Plant at Manchar and the Corporate Office at Nariman Point Mumbai, which is concluded on January 05, 2017.The Sales Tax Authorities have conducted inspection starting financial year 2012-2013 and identified some transactions in relation to the consignment agents which were made by the Company for interstate transfer of goods and the Company has agreed to reclassify the said transactions of goods as local sales .The Company have provided the fullest co-operation to the authorities to complete the enquiry and provided the information sought by them. The Company has filed revised VAT returns and agreed to pay the additional tax liability on account of reclassification .There is no implication on the continued operations of the Company as a result of this visit.","05-Jan-2017 17:56:00","2017-01-05 17:56:00","-","-","https://nsearchives.nseindia.com/corporate/ParagMilkFoodsLtdIntimationUnderReg30ofSEBILODR_05012017175623_017.zip"
"PARAGMILK","Parag Milk Foods Limited","Analysts/Institutional Investor Meet/Con. Call Updates","Parag Milk Foods Limited has informed the Exchange regarding Analysts/Institutional Investor Meet/Con. Call Updates","06-Dec-2016 22:47:00","2016-12-06 22:47:00","-","-","https://nsearchives.nseindia.com/corporate/ParagMilkFoodsLtdAnalystMeetingheldon6Dec2016_06122016224746_373.zip"
"PARAGMILK","Parag Milk Foods Limited","Analysts/Institutional Investor Meet/Con. Call Updates","Parag Milk Foods Limited has informed the Exchange regarding Analysts/Institutional Investor Meet/Con. Call Updates","01-Dec-2016 11:38:00","2016-12-01 11:38:00","-","-","https://nsearchives.nseindia.com/corporate/ParagMilkFoodsLtdIntimationtoStockExchangesofAnalystmeeton29Nov2016_01122016113848_085.zip"
"PARAGMILK","Parag Milk Foods Limited","Analysts/Institutional Investor Meet/Con. Call Updates","Parag Milk Foods Limited has informed the Exchange regarding Analysts/Institutional Investor Meet/Con. Call Updates","28-Nov-2016 12:02:00","2016-11-28 12:02:00","-","-","https://nsearchives.nseindia.com/corporate/ParagMilkFoodsLtdIntimationtoExchangesofConferenceCallon28Nov16_28112016120217_603.zip"
"PARAGMILK","Parag Milk Foods Limited","Investor Presentation","Parag Milk Foods Limited has informed the Exchange regarding Investor Presentation of Financial results of Qtr/Half year ended September, 30,2016","09-Nov-2016 19:26:00","2016-11-09 19:26:00","-","-","https://nsearchives.nseindia.com/corporate/ParagMilkFoodsLtdInvestorPresentationofQ2FY17Results_09112016192641_477.zip"
"PARAGMILK","Parag Milk Foods Limited","Financial Result Updates","Parag Milk Foods Limited has submitted to the Exchange, the financial results for the period ended September 30, 2016.","09-Nov-2016 19:09:14","2016-11-09 19:09:14","-","-","https://nsearchives.nseindia.com/corporate/PARAGMILK_09112016190914.zip"
"PARAGMILK","Parag Milk Foods Limited","Outcome of Board Meeting","Parag Milk Foods Limited has informed the Exchange regarding outcome of meeting of the Board of Directors of the Company held on November 09, 2016.","09-Nov-2016 19:06:00","2016-11-09 19:06:00","-","-","https://nsearchives.nseindia.com/corporate/ParagMilkFoodsLtdOutcomeofBoardMeetingof9Nov2016_09112016190603_464.zip"
"PARAGMILK","Parag Milk Foods Limited","Analysts/Institutional Investor Meet/Con. Call Updates","Parag Milk Foods Limited has informed the Exchange regarding Analysts/Institutional Investor Meet/Con. Call Updates","07-Nov-2016 17:22:00","2016-11-07 17:22:00","-","-","https://nsearchives.nseindia.com/corporate/ParagMilkFoodsLtdConCallfor2QYFY17_07112016172216_585.zip"
"PARAGMILK","Parag Milk Foods Limited","Annual General Meeting Updates","Parag Milk Foods Limited has submitted to the Exchange a copy of Minutes of Annual General Meeting of the Company held on September 29, 2016.","20-Oct-2016 11:21:00","2016-10-20 11:21:00","-","-","https://nsearchives.nseindia.com/corporate/ParagMilkFoodsLtdMinutesof24thAGMheldon29Sep2016_20102016112146_059.zip"
"PARAGMILK","Parag Milk Foods Limited","Analysts/Institutional Investor Meet/Con. Call Updates","Parag Milk Foods Limited has informed the Exchange regarding Intimation of Schedule of Analyst/Institutional Investors Meeting.","17-Oct-2016 08:44:00","2016-10-17 08:44:00","-","-","https://nsearchives.nseindia.com/corporate/ParagMilkFoodsLtdIntimationofAnalystMeeton14Oct2016_17102016084400_659.zip"
"PARAGMILK","Parag Milk Foods Limited","Analysts/Institutional Investor Meet/Con. Call Updates","Parag Milk Foods Limited has informed the Exchange regarding Intimation of Analyst Meet held on October 3, 2016","04-Oct-2016 12:29:00","2016-10-04 12:29:00","-","-","https://nsearchives.nseindia.com/corporate/ParagMilkFoodsLtdIntimationofAnalystMeetonOct32016_04102016122946_097.zip"
"PARAGMILK","Parag Milk Foods Limited","Annual General Meeting Updates","Parag Milk Foods Limited has submitted to the Exchange a copy of the proceedings of the Annual General Meeting of the Company held on September 29, 2016.","30-Sep-2016 20:04:00","2016-09-30 20:04:00","-","-","https://nsearchives.nseindia.com/corporate/ParagMilkFoodsLtdProceedingsof24thAGM_30092016200416_873.zip"
"PARAGMILK","Parag Milk Foods Limited","Regulation 44(3) of SEBI (LODR), Reg., 2015","Parag Milk Foods Limited has submitted to the Exchange the details of voting results of the Annual General Meeting of the Company held on the September 29, 2016 along with Report of Scrutinizer.","29-Sep-2016 17:48:00","2016-09-29 17:48:00","-","-","https://nsearchives.nseindia.com/corporate/ParagMilkFoodsLtd24thAGMVotingResults_29092016174854_566.zip"
"PARAGMILK","Parag Milk Foods Limited","Analysts/Institutional Investor Meet/Con. Call Updates","Parag Milk Foods Limited has informed the Exchange regarding Schedule of Analyst/ Institutional Invstors Meeting.","23-Sep-2016 10:50:00","2016-09-23 10:50:00","-","-","https://nsearchives.nseindia.com/corporate/ParagMilkFoodsIntimationofAnalystmeetonSeptember222016_23092016105014_072.zip"
"PARAGMILK","Parag Milk Foods Limited","Analysts/Institutional Investor Meet/Con. Call Updates","Parag Milk Foods Limited has informed the Exchange regarding Schedule of Analyst/ Institutional Investors Meeting.","14-Sep-2016 19:55:00","2016-09-14 19:55:00","-","-","https://nsearchives.nseindia.com/corporate/ParagMilkFoodsLtdintimationofAnalystMeetHeldonSeptember142016_14092016195527_399.zip"
"PARAGMILK","Parag Milk Foods Limited","Annual General Meeting Updates","Parag Milk Foods Limited has submitted to the Exchange a copy of the Notice of the Annual General Meeting of the Members of the company will be held on September 29, 2016.","08-Sep-2016 16:07:00","2016-09-08 16:07:00","-","-","https://nsearchives.nseindia.com/corporate/ParagMilkFoodsLimitedNoticeof24thAGMandNewspaperAdvt_08092016160739_994.zip"
"PARAGMILK","Parag Milk Foods Limited","Investor Presentation","Parag Milk Foods Limited has informed the Exchange regarding Investor Presentation August, 2016","02-Sep-2016 19:05:00","2016-09-02 19:05:00","-","-","https://nsearchives.nseindia.com/corporate/InvestorPresentatioAug2016PMFL_02092016190528_734.zip"
"PARAGMILK","Parag Milk Foods Limited","Analysts/Institutional Investor Meet/Con. Call Updates","Parag Milk Foods Limited has informed the Exchange regarding Schedule of Analyst/ Institutional Investor Meeting.","25-Aug-2016 11:49:00","2016-08-25 11:49:00","-","-","https://nsearchives.nseindia.com/corporate/ParagMilkFoodsLtdIntimationofAnalystMeetingsheldonAugust242016_25082016114944_105.zip"
"PARAGMILK","Parag Milk Foods Limited","Analysts/Institutional Investor Meet/Con. Call Updates","Parag Milk Foods Limited has informed the Exchange regarding Q1FY17 Conference Call August 11, 2016.","19-Aug-2016 14:06:00","2016-08-19 14:06:00","-","-","https://nsearchives.nseindia.com/corporate/ParagMilkFoodsLtdQ1FY17ConcallTranscript_19082016140639_168.zip"
"PARAGMILK","Parag Milk Foods Limited","Credit Rating","Parag Milk Foods Limited has informed the Exchange regarding Credit rating revised by positive notch.","19-Aug-2016 13:47:00","2016-08-19 13:47:00","-","-","https://nsearchives.nseindia.com/corporate/ParagMilkFoodsLtdCreditRatingRevisedfilingwithExchanges_19082016134729_164.zip"
"PARAGMILK","Parag Milk Foods Limited","Investor Presentation","Parag Milk Foods Limited has submitted to the Exchange a copy of Q1 FY17 Investor presentation August 2016.","11-Aug-2016 08:26:00","2016-08-11 08:26:00","-","-","https://nsearchives.nseindia.com/corporate/ParagMilkFoodsLtdResultspresentationQ1FY17_11082016082625_797.zip"
"PARAGMILK","Parag Milk Foods Limited","Financial Result Updates","Parag Milk Foods Limited has submitted to the Exchange the standalone & consolidated financial results along with the Limited Review Report for the period ended June 30, 2016.","10-Aug-2016 17:47:43","2016-08-10 17:47:43","-","-","https://nsearchives.nseindia.com/corporate/ParagMilkFoodsLtdConsolandAndUnauditedforQ1FinancialsFY2017_10082016174743.zip"
"PARAGMILK","Parag Milk Foods Limited","Analysts/Institutional Investor Meet/Con. Call Updates","Parag Milk Foods Limited has informed the Exchange regarding Conference call","10-Aug-2016 13:55:00","2016-08-10 13:55:00","-","-","https://nsearchives.nseindia.com/corporate/LetterforAnalystintimation10082016_10082016135507_215.zip"
"PARAGMILK","Parag Milk Foods Limited","Updates","Parag Milk Foods Limited has submitted to the Exchange a copy of Investor Presentation for Q4 and FY 15-16.","28-Jun-2016 12:18:00","2016-06-28 12:18:00","-","-","https://nsearchives.nseindia.com/corporate/ParagMilkFoodsQ4FY16ResultsPresentation_28062016121825_970.zip"
"PARAGMILK","Parag Milk Foods Limited","Financial Result Updates","Parag Milk Foods Limited has submitted to the Exchange the standalone & consolidated financial results along with the Auditors Report for the period ended March 31, 2016.","27-Jun-2016 10:14:39","2016-06-27 10:14:39","-","-","https://nsearchives.nseindia.com/corporate/PARAGMILK_B_27062016101439.zip"
"PARAGMILK","Parag Milk Foods Limited","Financial Results Updates","Parag Milk Foods Limited has informed the Exchange regarding Adoption of the audited financial (Standalone and Consolidated) for the financial year 2015-2016.","27-Jun-2016 08:54:00","2016-06-27 08:54:00","-","-","https://nsearchives.nseindia.com/corporate/ParagFinancialResultsforFY20152016_27062016085423_482.zip"
"PARAGMILK","Parag Milk Foods Limited","Change in Director(s)","Parag Milk Foods Limited has informed the Exchange that Mr. Ramesh Chandak has been resigned from the position of Nominee Director and appointed as an additional (Independent Director) w.e.f. June 24, 2016.","27-Jun-2016 08:31:00","2016-06-27 08:31:00","-","-","https://nsearchives.nseindia.com/corporate/IntimationforRegignationandAppointmentofDirector_27062016083124_465.zip"
"PARAGMILK","Parag Milk Foods Limited","Analysts Meet","Parag Milk Foods Limited has informed the Exchange regarding intimation of conference call.","27-Jun-2016 08:29:00","2016-06-27 08:29:00","-","-","https://nsearchives.nseindia.com/corporate/LetterforAnalystintimation_27062016082949_464.zip"
"PARAGMILK","Parag Milk Foods Limited","Outcome of Board Meeting","Parag Milk Foods Limited has informed the Exchange regarding Out come of the Board of Directors Meeting held on June 24, 2016.","24-Jun-2016 19:40:00","2016-06-24 19:40:00","-","-","https://nsearchives.nseindia.com/corporate/OutComeoftheBoardMeeting24062016_24062016194037_286.zip"